-5.,-0.9999999999984625402
-4.99609375,-0.9999999999984001149
-4.9921875,-0.9999999999983352048
-4.98828125,-0.9999999999982677132
-4.984375,-0.9999999999981975394
-4.98046875,-0.9999999999981245791
-4.9765625,-0.999999999998048724
-4.97265625,-0.9999999999979698616
-4.96875,-0.9999999999978878752
-4.96484375,-0.9999999999978026437
-4.9609375,-0.9999999999977140412
-4.95703125,-0.9999999999976219374
-4.953125,-0.9999999999975261967
-4.94921875,-0.9999999999974266787
-4.9453125,-0.9999999999973232373
-4.94140625,-0.9999999999972157212
-4.9375,-0.9999999999971039734
-4.93359375,-0.9999999999969878308
-4.9296875,-0.9999999999968671242
-4.92578125,-0.9999999999967416782
-4.921875,-0.9999999999966113106
-4.91796875,-0.9999999999964758325
-4.9140625,-0.9999999999963350478
-4.91015625,-0.9999999999961887531
-4.90625,-0.9999999999960367375
-4.90234375,-0.999999999995878782
-4.8984375,-0.9999999999957146596
-4.89453125,-0.9999999999955441346
-4.890625,-0.9999999999953669628
-4.88671875,-0.9999999999951828906
-4.8828125,-0.9999999999949916552
-4.87890625,-0.9999999999947929837
-4.875,-0.9999999999945865935
-4.87109375,-0.9999999999943721912
-4.8671875,-0.9999999999941494724
-4.86328125,-0.9999999999939181217
-4.859375,-0.999999999993677812
-4.85546875,-0.9999999999934282037
-4.8515625,-0.9999999999931689452
-4.84765625,-0.9999999999928996714
-4.84375,-0.999999999992620004
-4.83984375,-0.9999999999923295508
-4.8359375,-0.9999999999920279049
-4.83203125,-0.9999999999917146446
-4.828125,-0.9999999999913893327
-4.82421875,-0.9999999999910515157
-4.8203125,-0.9999999999907007238
-4.81640625,-0.9999999999903364696
-4.8125,-0.9999999999899582481
-4.80859375,-0.9999999999895655357
-4.8046875,-0.9999999999891577897
-4.80078125,-0.9999999999887344474
-4.796875,-0.9999999999882949257
-4.79296875,-0.9999999999878386201
-4.7890625,-0.9999999999873649043
-4.78515625,-0.999999999986873129
-4.78125,-0.9999999999863626212
-4.77734375,-0.9999999999858326835
-4.7734375,-0.9999999999852825933
-4.76953125,-0.9999999999847116016
-4.765625,-0.9999999999841189323
-4.76171875,-0.9999999999835037812
-4.7578125,-0.999999999982865315
-4.75390625,-0.9999999999822026703
-4.75,-0.9999999999815149523
-4.74609375,-0.9999999999808012341
-4.7421875,-0.9999999999800605555
-4.73828125,-0.9999999999792919213
-4.734375,-0.9999999999784943009
-4.73046875,-0.9999999999776666263
-4.7265625,-0.9999999999768077913
-4.72265625,-0.9999999999759166501
-4.71875,-0.9999999999749920155
-4.71484375,-0.9999999999740326581
-4.7109375,-0.9999999999730373042
-4.70703125,-0.9999999999720046347
-4.703125,-0.9999999999709332833
-4.69921875,-0.9999999999698218351
-4.6953125,-0.9999999999686688246
-4.69140625,-0.999999999967472734
-4.6875,-0.9999999999662319915
-4.68359375,-0.9999999999649449696
-4.6796875,-0.9999999999636099828
-4.67578125,-0.9999999999622252857
-4.671875,-0.9999999999607890712
-4.66796875,-0.9999999999592994679
-4.6640625,-0.9999999999577545386
-4.66015625,-0.999999999956152277
-4.65625,-0.9999999999544906065
-4.65234375,-0.9999999999527673767
-4.6484375,-0.9999999999509803616
-4.64453125,-0.9999999999491272568
-4.640625,-0.9999999999472056767
-4.63671875,-0.9999999999452131519
-4.6328125,-0.9999999999431471261
-4.62890625,-0.9999999999410049533
-4.625,-0.9999999999387838949
-4.62109375,-0.999999999936481116
-4.6171875,-0.9999999999340936829
-4.61328125,-0.999999999931618559
-4.609375,-0.9999999999290526016
-4.60546875,-0.9999999999263925586
-4.6015625,-0.9999999999236350643
-4.59765625,-0.9999999999207766357
-4.59375,-0.9999999999178136687
-4.58984375,-0.9999999999147424338
-4.5859375,-0.9999999999115590721
-4.58203125,-0.9999999999082595906
-4.578125,-0.999999999904839858
-4.57421875,-0.9999999999012955999
-4.5703125,-0.9999999998976223939
-4.56640625,-0.9999999998938156647
-4.5625,-0.9999999998898706792
-4.55859375,-0.9999999998857825407
-4.5546875,-0.9999999998815461839
-4.55078125,-0.999999999877156369
-4.546875,-0.999999999872607676
-4.54296875,-0.9999999998678944984
-4.5390625,-0.9999999998630110375
-4.53515625,-0.9999999998579512954
-4.53125,-0.9999999998527090689
-4.52734375,-0.9999999998472779421
-4.5234375,-0.9999999998416512798
-4.51953125,-0.9999999998358222203
-4.515625,-0.9999999998297836672
-4.51171875,-0.9999999998235282825
-4.5078125,-0.9999999998170484778
-4.50390625,-0.9999999998103364067
-4.5,-0.9999999998033839558
-4.49609375,-0.9999999997961827362
-4.4921875,-0.9999999997887240742
-4.48828125,-0.999999999780999002
-4.484375,-0.9999999997729982481
-4.48046875,-0.9999999997647122272
-4.4765625,-0.9999999997561310299
-4.47265625,-0.9999999997472444124
-4.46875,-0.999999999738041785
-4.46484375,-0.9999999997285122011
-4.4609375,-0.9999999997186443455
-4.45703125,-0.9999999997084265226
-4.453125,-0.9999999996978466433
-4.44921875,-0.9999999996868922131
-4.4453125,-0.999999999675550318
-4.44140625,-0.9999999996638076117
-4.4375,-0.9999999996516503008
-4.43359375,-0.9999999996390641308
-4.4296875,-0.999999999626034371
-4.42578125,-0.9999999996125457992
-4.421875,-0.9999999995985826853
-4.41796875,-0.9999999995841287757
-4.4140625,-0.9999999995691672758
-4.41015625,-0.9999999995536808326
-4.40625,-0.9999999995376515171
-4.40234375,-0.9999999995210608054
-4.3984375,-0.9999999995038895596
-4.39453125,-0.9999999994861180084
-4.390625,-0.9999999994677257263
-4.38671875,-0.99999999944869161329
-4.3828125,-0.99999999942899387256
-4.37890625,-0.99999999940860998871
-4.375,-0.99999999938751670464
-4.37109375,-0.99999999936568999791
-4.3671875,-0.99999999934310505632
-4.36328125,-0.99999999931973625283
-4.359375,-0.99999999929555711964
-4.35546875,-0.99999999927054032145
-4.3515625,-0.99999999924465762796
-4.34765625,-0.99999999921787988554
-4.34375,-0.99999999919017698796
-4.33984375,-0.99999999916151784625
-4.3359375,-0.99999999913187035774
-4.33203125,-0.99999999910120137398
-4.328125,-0.99999999906947666783
-4.32421875,-0.9999999990366608995
-4.3203125,-0.99999999900271758154
-4.31640625,-0.99999999896760904278
-4.3125,-0.99999999893129639123
-4.30859375,-0.99999999889373947573
-4.3046875,-0.99999999885489684662
-4.30078125,-0.99999999881472571505
-4.296875,-0.99999999877318191117
-4.29296875,-0.99999999873021984105
-4.2890625,-0.99999999868579244225
-4.28515625,-0.99999999863985113811
-4.28125,-0.99999999859234579064
-4.27734375,-0.99999999854322465205
-4.2734375,-0.99999999849243431472
-4.26953125,-0.99999999843991965979
-4.265625,-0.99999999838562380418
-4.26171875,-0.99999999832948804597
-4.2578125,-0.99999999827145180825
-4.25390625,-0.99999999821145258121
-4.25,-0.99999999814942586261
-4.24609375,-0.99999999808530509636
-4.2421875,-0.99999999801902160938
-4.23828125,-0.99999999795050454656
-4.234375,-0.99999999787968080376
-4.23046875,-0.99999999780647495893
-4.2265625,-0.99999999773080920106
-4.22265625,-0.99999999765260325714
-4.21875,-0.99999999757177431697
-4.21484375,-0.99999999748823695568
-4.2109375,-0.99999999740190305406
-4.20703125,-0.99999999731268171652
-4.203125,-0.99999999722047918665
-4.19921875,-0.99999999712519876031
-4.1953125,-0.99999999702674069617
-4.19140625,-0.99999999692500212369
-4.1875,-0.99999999681987694834
-4.18359375,-0.99999999671125575413
-4.1796875,-0.9999999965990257033
-4.17578125,-0.99999999648307043305
-4.171875,-0.99999999636326994932
-4.16796875,-0.99999999623950051748
-4.1640625,-0.99999999611163454988
-4.16015625,-0.99999999597954049013
-4.15625,-0.99999999584308269403
-4.15234375,-0.99999999570212130711
-4.1484375,-0.9999999955565121386
-4.14453125,-0.99999999540610653183
-4.140625,-0.99999999525075123087
-4.13671875,-0.99999999509028824337
-4.1328125,-0.99999999492455469947
-4.12890625,-0.99999999475338270663
-4.125,-0.99999999457659920043
-4.12109375,-0.99999999439402579099
-4.1171875,-0.99999999420547860508
-4.11328125,-0.99999999401076812374
-4.109375,-0.99999999380969901525
-4.10546875,-0.99999999360206996343
-4.1015625,-0.99999999338767349099
-4.09765625,-0.99999999316629577795
-4.09375,-0.99999999293771647489
-4.08984375,-0.99999999270170851095
-4.0859375,-0.99999999245803789637
-4.08203125,-0.99999999220646351958
-4.078125,-0.99999999194673693846
-4.07421875,-0.9999999916786021658
-4.0703125,-0.99999999140179544876
-4.06640625,-0.99999999111604504212
-4.0625,-0.99999999082107097519
-4.05859375,-0.99999999051658481222
-4.0546875,-0.99999999020228940614
-4.05078125,-0.99999998987787864541
-4.046875,-0.99999998954303719383
-4.04296875,-0.99999998919744022317
-4.0390625,-0.99999998884075313828
-4.03515625,-0.99999998847263129472
-4.03125,-0.9999999880927197084
-4.02734375,-0.9999999877006527574
-4.0234375,-0.99999998729605387536
-4.01953125,-0.99999998687853523655
-4.015625,-0.99999998644769743223
-4.01171875,-0.99999998600312913811
-4.0078125,-0.99999998554440677267
-4.00390625,-0.99999998507109414611
-4.,-0.99999998458274209972
-3.99609375,-0.99999998407888813536
-3.9921875,-0.99999998355905603482
-3.98828125,-0.99999998302275546882
-3.984375,-0.9999999824694815953
-3.98046875,-0.9999999818987146469
-3.9765625,-0.9999999813099195071
-3.97265625,-0.99999998070254527496
-3.96875,-0.99999998007602481804
-3.96484375,-0.99999997942977431318
-3.9609375,-0.99999997876319277495
-3.95703125,-0.99999997807566157134
-3.953125,-0.99999997736654392638
-3.94921875,-0.99999997663518440941
-3.9453125,-0.99999997588090841063
-3.94140625,-0.99999997510302160257
-3.9375,-0.99999997430080938709
-3.93359375,-0.99999997347353632766
-3.9296875,-0.99999997262044556641
-3.92578125,-0.99999997174075822565
-3.921875,-0.99999997083367279342
-3.91796875,-0.99999996989836449274
-3.9140625,-0.99999996893398463402
-3.91015625,-0.99999996793965995038
-3.90625,-0.99999996691449191526
-3.90234375,-0.99999996585755604205
-3.8984375,-0.99999996476790116517
-3.89453125,-0.99999996364454870219
-3.890625,-0.99999996248649189654
-3.88671875,-0.99999996129269504019
-3.8828125,-0.99999996006209267605
-3.87890625,-0.99999995879358877934
-3.875,-0.99999995748605591751
-3.87109375,-0.99999995613833438825
-3.8671875,-0.9999999547492313349
-3.86328125,-0.99999995331751983884
-3.859375,-0.9999999518419379882
-3.85546875,-0.99999995032118792234
-3.8515625,-0.99999994875393485153
-3.84765625,-0.99999994713880605116
-3.84375,-0.99999994547438982996
-3.83984375,-0.99999994375923447146
-3.8359375,-0.99999994199184714815
-3.83203125,-0.99999994017069280762
-3.828125,-0.99999993829419303001
-3.82421875,-0.99999993636072485608
-3.8203125,-0.9999999343686195852
-3.81640625,-0.99999993231616154249
-3.8125,-0.99999993020158681438
-3.80859375,-0.9999999280230819519
-3.8046875,-0.9999999257787826408
-3.80078125,-0.99999992346677233781
-3.796875,-0.99999992108508087216
-3.79296875,-0.99999991863168301153
-3.7890625,-0.99999991610449699168
-3.78515625,-0.99999991350138300876
-3.78125,-0.99999991082014167341
-3.77734375,-0.99999990805851242596
-3.7734375,-0.99999990521417191145
-3.76953125,-0.99999990228473231387
-3.765625,-0.99999989926773964839
-3.76171875,-0.99999989616067201076
-3.7578125,-0.99999989296093778277
-3.75390625,-0.99999988966587379277
-3.75,-0.9999998862727434302
-3.74609375,-0.99999988277873471308
-3.7421875,-0.99999987918095830723
-3.73828125,-0.99999987547644549629
-3.734375,-0.99999987166214610119
-3.73046875,-0.99999986773492634808
-3.7265625,-0.99999986369156668337
-3.72265625,-0.99999985952875953471
-3.71875,-0.99999985524310701667
-3.71484375,-0.99999985083111857987
-3.7109375,-0.99999984628920860213
-3.70703125,-0.99999984161369392046
-3.703125,-0.99999983680079130242
-3.69921875,-0.99999983184661485549
-3.6953125,-0.99999982674717337307
-3.69140625,-0.99999982149836761553
-3.6875,-0.99999981609598752506
-3.68359375,-0.99999981053570937252
-3.6796875,-0.99999980481309283497
-3.67578125,-0.99999979892357800223
-3.671875,-0.9999997928624823108
-3.66796875,-0.99999978662499740359
-3.6640625,-0.99999978020618591372
-3.66015625,-0.99999977360097817077
-3.65625,-0.9999997668041688275
-3.65234375,-0.99999975981041340562
-3.6484375,-0.99999975261422475843
-3.64453125,-0.99999974520996944873
-3.640625,-0.99999973759186403991
-3.63671875,-0.9999997297539712985
-3.6328125,-0.99999972169019630594
-3.62890625,-0.99999971339428247784
-3.625,-0.99999970485980748843
-3.62109375,-0.99999969608017909826
-3.6171875,-0.99999968704863088296
-3.61328125,-0.99999967775821786082
-3.609375,-0.99999966820181201712
-3.60546875,-0.99999965837209772271
-3.6015625,-0.99999964826156704476
-3.59765625,-0.99999963786251494717
-3.59375,-0.99999962716703437825
-3.58984375,-0.99999961616701124322
-3.5859375,-0.99999960485411925911
-3.58203125,-0.99999959321981468935
-3.578125,-0.99999958125533095551
-3.57421875,-0.99999956895167312363
-3.5703125,-0.99999955629961226227
-3.56640625,-0.99999954328967966961
-3.5625,-0.99999952991216096671
-3.55859375,-0.99999951615709005425
-3.5546875,-0.99999950201424292949
-3.55078125,-0.99999948747313136082
-3.546875,-0.99999947252299641657
-3.54296875,-0.99999945715280184521
-3.5390625,-0.99999944135122730355
-3.53515625,-0.99999942510666142995
-3.53125,-0.99999940840719475906
-3.52734375,-0.9999993912406124749
-3.5234375,-0.9999993735943869987
-3.51953125,-0.99999935545567040822
-3.515625,-0.99999933681128668486
-3.51171875,-0.99999931764772378497
-3.5078125,-0.99999929795112553184
-3.50390625,-0.99999927770728332432
-3.5,-0.99999925690162765859
-3.49609375,-0.99999923551921945896
-3.4921875,-0.99999921354474121385
-3.48828125,-0.99999919096248791284
-3.484375,-0.99999916775635778079
-3.48046875,-0.99999914390984280476
-3.4765625,-0.99999911940601904943
-3.47265625,-0.99999909422753675685
-3.46875,-0.9999990683566102259
-3.46484375,-0.99999904177500746712
-3.4609375,-0.99999901446403962819
-3.45703125,-0.99999898640455018549
-3.453125,-0.99999895757690389702
-3.44921875,-0.99999892796097551166
-3.4453125,-0.99999889753613823011
-3.44140625,-0.99999886628125191221
-3.4375,-0.99999883417465102581
-3.43359375,-0.99999880119413233178
-3.4296875,-0.99999876731694230004
-3.42578125,-0.99999873251976425104
-3.421875,-0.99999869677870521742
-3.41796875,-0.99999866006928252014
-3.4140625,-0.99999862236641005345
-3.41015625,-0.99999858364438427288
-3.40625,-0.99999854387686988051
-3.40234375,-0.99999850303688520137
-3.3984375,-0.99999846109678724501
-3.39453125,-0.99999841802825644598
-3.390625,-0.99999837380228107703
-3.38671875,-0.9999983283891413285
-3.3828125,-0.99999828175839304745
-3.37890625,-0.99999823387885112994
-3.375,-0.99999818471857255964
-3.37109375,-0.99999813424483908601
-3.3671875,-0.99999808242413953494
-3.36328125,-0.99999802922215174501
-3.359375,-0.99999797460372412182
-3.35546875,-0.99999791853285680338
-3.3515625,-0.99999786097268242892
-3.34765625,-0.99999780188544650362
-3.34375,-0.99999774123248735147
-3.33984375,-0.99999767897421564857
-3.3359375,-0.99999761507009352879
-3.33203125,-0.99999754947861325372
-3.328125,-0.99999748215727543872
-3.32421875,-0.99999741306256682665
-3.3203125,-0.99999734214993760087
-3.31640625,-0.99999726937377822876
-3.3125,-0.99999719468739582707
-3.30859375,-0.99999711804299004013
-3.3046875,-0.9999970393916284219
-3.30078125,-0.99999695868322131257
-3.296875,-0.99999687586649620046
-3.29296875,-0.99999679088897155963
-3.2890625,-0.99999670369693015356
-3.28515625,-0.99999661423539179509
-3.28125,-0.9999965224480855527
-3.27734375,-0.99999642827742139289
-3.2734375,-0.99999633166446124852
-3.26953125,-0.99999623254888950253
-3.265625,-0.99999613086898287653
-3.26171875,-0.99999602656157971346
-3.2578125,-0.99999591956204864333
-3.25390625,-0.99999580980425662104
-3.25,-0.99999569722053632488
-3.24609375,-0.99999558174165290436
-3.2421875,-0.99999546329677006567
-3.23828125,-0.99999534181341548303
-3.234375,-0.99999521721744552392
-3.23046875,-0.99999508943300927597
-3.2265625,-0.99999495838251186334
-3.22265625,-0.99999482398657703988
-3.21875,-0.99999468616400904638
-3.21484375,-0.9999945448317537192
-3.2109375,-0.99999439990485883688
-3.20703125,-0.99999425129643369171
-3.203125,-0.99999409891760787268
-3.19921875,-0.99999394267748924603
-3.1953125,-0.99999378248312111976
-3.19140625,-0.99999361823943857776
-3.1875,-0.99999344984922396953
-3.18359375,-0.9999932772130615408
-3.1796875,-0.99999310022929119047
-3.17578125,-0.99999291879396133897
-3.171875,-0.99999273280078089287
-3.16796875,-0.9999925421410702905
-3.1640625,-0.99999234670371161295
-3.16015625,-0.99999214637509774475
-3.15625,-0.9999919410390805683
-3.15234375,-0.99999173057691817571
-3.1484375,-0.99999151486722108181
-3.14453125,-0.99999129378589742152
-3.140625,-0.99999106720609711484
-3.13671875,-0.99999083499815498233
-3.1328125,-0.99999059702953279362
-3.12890625,-0.99999035316476023162
-3.125,-0.99999010326537475438
-3.12109375,-0.9999898471898603368
-3.1171875,-0.9999895847935850737
-3.11328125,-0.99998931592873762588
-3.109375,-0.99998904044426249031
-3.10546875,-0.99998875818579407556
-3.1015625,-0.99998846899558956312
-3.09765625,-0.99998817271246053505
-3.09375,-0.99998786917170334845
-3.08984375,-0.99998755820502823644
-3.0859375,-0.99998723964048711563
-3.08203125,-0.99998691330240007939
-3.078125,-0.99998657901128055632
-3.07421875,-0.99998623658375911267
-3.0703125,-0.99998588583250587764
-3.06640625,-0.99998552656615156976
-3.0625,-0.9999851585892071028
-3.05859375,-0.99998478170198174883
-3.0546875,-0.99998439570049983625
-3.05078125,-0.99998400037641596013
-3.046875,-0.99998359551692868193
-3.04296875,-0.99998318090469269533
-3.0390625,-0.99998275631772943491
-3.03515625,-0.99998232152933610381
-3.03125,-0.99998187630799309633
-3.02734375,-0.99998142041726979129
-3.0234375,-0.99998095361572869151
-3.01953125,-0.99998047565682788456
-3.015625,-0.9999799862888217996
-3.01171875,-0.99997948525466023497
-3.0078125,-0.99997897229188563077
-3.00390625,-0.99997844713252856035
-3.,-0.99997790950300141456
-2.99609375,-0.99997735912399025207
-2.9921875,-0.99997679571034478891
-2.98828125,-0.99997621897096650008
-2.984375,-0.99997562860869480569
-2.98046875,-0.99997502432019131402
-2.9765625,-0.99997440579582209325
-2.97265625,-0.99997377271953794365
-2.96875,-0.99997312476875264153
-2.96484375,-0.99997246161421912595
-2.9609375,-0.99997178291990359905
-2.95703125,-0.99997108834285751028
-2.953125,-0.99997037753308739485
-2.94921875,-0.99996965013342253613
-2.9453125,-0.99996890577938042156
-2.94140625,-0.99996814409902996132
-2.9375,-0.99996736471285243874
-2.93359375,-0.9999665672336001609
-2.9296875,-0.99996575126615277805
-2.92578125,-0.99996491640737123952
-2.921875,-0.99996406224594935411
-2.91796875,-0.99996318836226292225
-2.9140625,-0.99996229432821640704
-2.91015625,-0.99996137970708711095
-2.90625,-0.99996044405336682482
-2.90234375,-0.99995948691260091508
-2.8984375,-0.99995850782122481541
-2.89453125,-0.99995750630639788813
-2.890625,-0.99995648188583462075
-2.88671875,-0.99995543406763312272
-2.8828125,-0.99995436235010088683
-2.87890625,-0.99995326622157777989
-2.875,-0.99995214516025622659
-2.87109375,-0.99995099863399855039
-2.8671875,-0.9999498261001514349
-2.86328125,-0.99994862700535746894
-2.859375,-0.99994740078536373807
-2.85546875,-0.99994614686482742543
-2.8515625,-0.99994486465711838381
-2.84765625,-0.99994355356411864127
-2.84375,-0.99994221297601880189
-2.83984375,-0.99994084227111130305
-2.8359375,-0.99993944081558049042
-2.83203125,-0.99993800796328947152
-2.828125,-0.99993654305556370836
-2.82421875,-0.99993504542097130949
-2.8203125,-0.99993351437509998144
-2.81640625,-0.99993194922033059938
-2.8125,-0.99993034924560735622
-2.80859375,-0.99992871372620444963
-2.8046875,-0.9999270419234892657
-2.80078125,-0.9999253330846820179
-2.796875,-0.99992358644261179991
-2.79296875,-0.99992180121546901014
-2.7890625,-0.99991997660655410616
-2.78515625,-0.99991811180402264642
-2.78125,-0.99991620598062657666
-2.77734375,-0.99991425829345171829
-2.7734375,-0.99991226788365141545
-2.76953125,-0.99991023387617629753
-2.765625,-0.99990815537950011342
-2.76171875,-0.99990603148534159386
-2.7578125,-0.99990386126838229774
-2.75390625,-0.99990164378598039806
-2.75,-0.99989937807788036316
-2.74609375,-0.99989706316591848858
-2.7421875,-0.99989469805372423446
-2.73828125,-0.99989228172641732361
-2.734375,-0.99988981315030055489
-2.73046875,-0.99988729127254828637
-2.7265625,-0.99988471502089054271
-2.72265625,-0.99988208330329270085
-2.71875,-0.99987939500763070809
-2.71484375,-0.99987664900136178632
-2.7109375,-0.99987384413119057609
-2.70703125,-0.9998709792227306741
-2.703125,-0.99986805308016151734
-2.69921875,-0.99986506448588056736
-2.6953125,-0.99986201220015074753
-2.69140625,-0.99985889496074308638
-2.6875,-0.99985571148257451995
-2.68359375,-0.99985246045734080579
-2.6796875,-0.99984914055314450136
-2.67578125,-0.99984575041411795927
-2.671875,-0.99984228866004129206
-2.66796875,-0.99983875388595525868
-2.6640625,-0.99983514466176902518
-2.66015625,-0.99983145953186275176
-2.65625,-0.99982769701468495858
-2.65234375,-0.9998238556023446223
-2.6484375,-0.99981993376019795571
-2.64453125,-0.99981592992642982245
-2.640625,-0.99981184251162973902
-2.63671875,-0.99980766989836241619
-2.6328125,-0.99980341044073279195
-2.62890625,-0.99979906246394550804
-2.625,-0.99979462426385878256
-2.62109375,-0.99979009410653263043
-2.6171875,-0.99978547022777138443
-2.61328125,-0.99978075083266046884
-2.609375,-0.99977593409509737828
-2.60546875,-0.99977101815731681417
-2.6015625,-0.99976600112940993147
-2.59765625,-0.99976088108883764836
-2.59375,-0.99975565607993797181
-2.58984375,-0.99975032411342729185
-2.5859375,-0.99974488316589559788
-2.58203125,-0.99973933117929557013
-2.578125,-0.99973366606042549984
-2.57421875,-0.99972788568040599183
-2.5703125,-0.99972198787415040325
-2.56640625,-0.9997159704398289727
-2.5625,-0.99970983113832659393
-2.55859375,-0.99970356769269418872
-2.5546875,-0.99969717778759363387
-2.55078125,-0.99969065906873619726
-2.546875,-0.99968400914231443839
-2.54296875,-0.99967722557442752926
-2.5390625,-0.99967030589049995139
-2.53515625,-0.99966324757469352559
-2.53125,-0.999656048069312731
-2.52734375,-0.99964870477420327059
-2.5234375,-0.99964121504614384066
-2.51953125,-0.99963357619823106209
-2.515625,-0.99962578549925753184
-2.51171875,-0.99961784017308295328
-2.5078125,-0.9996097373979983047
-2.50390625,-0.9996014743060830056
-2.5,-0.99959304798255504106
-2.49609375,-0.99958445546511400475
-2.4921875,-0.99957569374327702192
-2.48828125,-0.99956675975770751418
-2.484375,-0.99955765039953676823
-2.48046875,-0.9995483625096782718
-2.4765625,-0.99953889287813478
-2.47265625,-0.99952923824329807658
-2.46875,-0.99951939529124139467
-2.46484375,-0.99950936065500446274
-2.4609375,-0.99949913091387114168
-2.45703125,-0.99948870259263962022
-2.453125,-0.99947807216088513608
-2.44921875,-0.99946723603221519129
-2.4453125,-0.99945619056351723093
-2.44140625,-0.99944493205419875512
-2.4375,-0.99943345674541983509
-2.43359375,-0.99942176081931800493
-2.4296875,-0.99940984039822550147
-2.42578125,-0.99939769154387882571
-2.421875,-0.99938531025662059994
-2.41796875,-0.99937269247459369588
-2.4140625,-0.99935983407292760987
-2.41015625,-0.99934673086291706234
-2.40625,-0.99933337859119279954
-2.40234375,-0.99931977293888457684
-2.3984375,-0.99930590952077630368
-2.39453125,-0.99929178388445333144
-2.390625,-0.99927739150944186669
-2.38671875,-0.99926272780634049315
-2.3828125,-0.99924778811594378719
-2.37890625,-0.99923256770835801247
-2.375,-0.9992170617821088808
-2.37109375,-0.99920126546324136757
-2.3671875,-0.99918517380441157092
-2.36328125,-0.99916878178397060572
-2.359375,-0.99915208430504052414
-2.35546875,-0.99913507619458225633
-2.3515625,-0.99911775220245556583
-2.34765625,-0.9991001070004710159
-2.34375,-0.99908213518143394409
-2.33984375,-0.99906383125818044426
-2.3359375,-0.99904518966260535607
-2.33203125,-0.99902620474468226417
-2.328125,-0.99900687077147551013
-2.32421875,-0.99898718192614422234
-2.3203125,-0.9989671323069383701
-2.31640625,-0.99894671592618685013
-2.3125,-0.99892592670927761513
-2.30859375,-0.99890475849362985575
-2.3046875,-0.99888320502765824899
-2.30078125,-0.99886125996972928772
-2.296875,-0.99883891688710970786
-2.29296875,-0.99881616925490703127
-2.2890625,-0.99879301045500224454
-2.28515625,-0.99876943377497463534
-2.28125,-0.99874543240701881013
-2.27734375,-0.99872099944685391856
-2.2734375,-0.99869612789262511227
-2.26953125,-0.99867081064379726713
-2.265625,-0.99864504050004100058
-2.26171875,-0.998618810160111017
-2.2578125,-0.99859211222071681683
-2.25390625,-0.99856493917538580642
-2.25,-0.9985372834133188483
-2.24609375,-0.99850913721823829331
-2.2421875,-0.99848049276722853823
-2.23828125,-0.99845134212956915475
-2.234375,-0.99842167726556063776
-2.23046875,-0.99839149002534282324
-2.2265625,-0.99836077214770602808
-2.22265625,-0.99832951525889496663
-2.21875,-0.99829771087140550107
-2.21484375,-0.99826535038277428473
-2.2109375,-0.99823242507436136034
-2.20703125,-0.99819892611012577703
-2.203125,-0.99816484453539429278
-2.19921875,-0.99813017127562323108
-2.1953125,-0.99809489713515356337
-2.19140625,-0.99805901279595929096
-2.1875,-0.99802250881638920299
-2.18359375,-0.99798537562990208929
-2.1796875,-0.99794760354379548977
-2.17578125,-0.99790918273792806429
-2.171875,-0.99787010326343567001
-2.16796875,-0.99783035504144123545
-2.1640625,-0.9977899278617585234
-2.16015625,-0.99774881138158987757
-2.15625,-0.99770699512421805033
-2.15234375,-0.9976644684776922121
-2.1484375,-0.99762122069350824519
-2.14453125,-0.99757724088528342814
-2.140625,-0.99753251802742561935
-2.13671875,-0.99748704095379705131
-2.1328125,-0.99744079835637285024
-2.12890625,-0.99739377878389439826
-2.125,-0.99734597064051765847
-2.12109375,-0.9972973621844565863
-2.1171875,-0.99724794152662175321
-2.11328125,-0.99719769662925431206
-2.109375,-0.99714661530455543645
-2.10546875,-0.99709468521331136929
-2.1015625,-0.99704189386351421897
-2.09765625,-0.99698822860897864463
-2.09375,-0.99693367664795457507
-2.08984375,-0.99687822502173610905
-2.0859375,-0.99682186061326674782
-2.08203125,-0.99676457014574111385
-2.078125,-0.99670634018120331304
-2.07421875,-0.99664715711914210085
-2.0703125,-0.99658700719508301592
-2.06640625,-0.99652587647917764808
-2.0625,-0.99646375087479021101
-2.05859375,-0.99640061611708159282
-2.0546875,-0.9963364577715910614
-2.05078125,-0.99627126123281580448
-2.046875,-0.99620501172278848784
-2.04296875,-0.99613769428965301829
-2.0390625,-0.99606929380623870148
-2.03515625,-0.99599979496863298797
-2.03125,-0.99592918229475300438
-2.02734375,-0.99585744012291606972
-2.0234375,-0.99578455261040940053
-2.01953125,-0.99571050373205921182
-2.015625,-0.99563527727879942424
-2.01171875,-0.99555885685624019128
-2.0078125,-0.99548122588323646382
-2.00390625,-0.99540236759045681281
-2.,-0.99532226501895273416
-1.99609375,-0.99524090101872866364
-1.9921875,-0.99515825824731293273
-1.98828125,-0.99507431916832990024
-1.984375,-0.99498906605007349758
-1.98046875,-0.99490248096408242932
-1.9765625,-0.99481454578371727407
-1.97265625,-0.99472524218273973423
-1.96875,-0.99463455163389428654
-1.96484375,-0.99454245540749248901
-1.9609375,-0.99444893457000020315
-1.95703125,-0.994353969982627994
-1.953125,-0.99425754229992497393
-1.94921875,-0.99415963196837635953
-1.9453125,-0.99406021922500501467
-1.94140625,-0.99395928409597725586
-1.9375,-0.99385680639521319999
-1.93359375,-0.99375276572300193759
-1.9296875,-0.99364714146462181831
-1.92578125,-0.99353991278896613895
-1.921875,-0.9934310586471745275
-1.91796875,-0.99332055777127032032
-1.9140625,-0.99320838867280423274
-1.91015625,-0.99309452964150462706
-1.90625,-0.99297895874393468509
-1.90234375,-0.99286165382215679574
-1.8984375,-0.99274259249240447165
-1.89453125,-0.99262175214376211201
-1.890625,-0.99249910993685293227
-1.88671875,-0.99237464280253538441
-1.8828125,-0.99224832744060839505
-1.87890625,-0.99212014031852575161
-1.875,-0.9919900576701199703
-1.87109375,-0.99185805549433598259
-1.8671875,-0.99172410955397498025
-1.86328125,-0.99158819537444876195
-1.859375,-0.99145028824254492794
-1.85546875,-0.99131036320520327189
-1.8515625,-0.99116839506830372249
-1.84765625,-0.99102435839546619023
-1.84375,-0.99087822750686267784
-1.83984375,-0.99072997647804201582
-1.8359375,-0.99057957913876758747
-1.83203125,-0.99042700907186841065
-1.828125,-0.99027223961210394651
-1.82421875,-0.99011524384504300805
-1.8203125,-0.98995599460595714443
-1.81640625,-0.98979446447872887937
-1.8125,-0.98963062579477518496
-1.80859375,-0.9894644506319865748
-1.8046875,-0.98929591081368220285
-1.80078125,-0.98912497790758135712
-1.796875,-0.98895162322479173987
-1.79296875,-0.98877581781881492818
-1.7890625,-0.98859753248456941171
-1.78515625,-0.9884167377574316062
-1.78125,-0.9882334039122952441
-1.77734375,-0.9880475009626495458
-1.7734375,-0.98785899865967657704
-1.76953125,-0.98766786649136820044
-1.765625,-0.98747407368166303111
-1.76171875,-0.9872775891896038082
-1.7578125,-0.98707838170851559657
-1.75390625,-0.98687641966520523426
-1.75,-0.98667167121918244377
-1.74609375,-0.9864641042619030264
-1.7421875,-0.98625368641603456123
-1.73828125,-0.98604038503474503146
-1.734375,-0.98582416720101480286
-1.73046875,-0.98560499972697238012
-1.7265625,-0.98538284915325436898
-1.72265625,-0.98515768174839007268
-1.71875,-0.98492946350821115328
-1.71484375,-0.984698160155286789
-1.7109375,-0.98446373713838476046
-1.70703125,-0.98422615963195889929
-1.703125,-0.98398539253566333398
-1.69921875,-0.98374140047389396847
-1.6953125,-0.98349414779535762999
-1.69140625,-0.98324359857266932338
-1.6875,-0.98298971660197802976
-1.68359375,-0.98273246540262148804
-1.6796875,-0.98247180821681039831
-1.67578125,-0.98220770800934248641
-1.671875,-0.98194012746734686954
-1.66796875,-0.98166902900005916282
-1.6640625,-0.98139437473862776685
-1.66015625,-0.98111612653595177661
-1.65625,-0.98083424596655095168
-1.65234375,-0.98054869432646818782
-1.6484375,-0.98025943263320492967
-1.64453125,-0.97996642162568996409
-1.640625,-0.97966962176428203292
-1.63671875,-0.97936899323080670391
-1.6328125,-0.97906449592862793746
-1.62890625,-0.97875608948275478634
-1.625,-0.97844373323998366472
-1.62109375,-0.97812738626907662178
-1.6171875,-0.97780700736097605421
-1.61328125,-0.97748255502905629074
-1.609375,-0.97715398750941248057
-1.60546875,-0.97682126276118721626
-1.6015625,-0.97648433846693531999
-1.59765625,-0.97614317203302722076
-1.59375,-0.97579772059009134816
-1.58984375,-0.97544794099349596671
-1.5859375,-0.97509378982387087271
-1.58203125,-0.97473522338766937358
-1.578125,-0.97437219771777096739
-1.57421875,-0.97400466857412513825
-1.5703125,-0.97363259144443668049
-1.56640625,-0.97325592154489296241
-1.5625,-0.97287461382093353737
-1.55859375,-0.97248862294806250761
-1.5546875,-0.97209790333270404302
-1.55078125,-0.97170240911310145434
-1.546875,-0.97130209416026021677
-1.54296875,-0.97089691207893533726
-1.5390625,-0.97048681620866345487
-1.53515625,-0.97007175962484006048
-1.53125,-0.96965169513984221822
-1.52734375,-0.9692265753041971675
-1.5234375,-0.96879635240779718043
-1.51953125,-0.96836097848116104564
-1.515625,-0.96792040529674254515
-1.51171875,-0.96747458437028628693
-1.5078125,-0.96702346696223125114
-1.50390625,-0.96656700407916240386
-1.5,-0.96610514647531072707
-1.49609375,-0.96563784465410200932
-1.4921875,-0.96516504886975473624
-1.48828125,-0.9646867091289274152
-1.484375,-0.96420277519241566325
-1.48046875,-0.96371319657689938223
-1.4765625,-0.96321792255674033922
-1.47265625,-0.96271690216583046541
-1.46875,-0.96221008419949118041
-1.46484375,-0.96169741721642404321
-1.4609375,-0.96117884954071302544
-1.45703125,-0.96065432926387869578
-1.453125,-0.96012380424698459905
-1.44921875,-0.95958722212279610619
-1.4453125,-0.95904453029799200573
-1.44140625,-0.95849567595542910011
-1.4375,-0.95794060605646006371
-1.43359375,-0.95737926734330481269
-1.4296875,-0.95681160634147562936
-1.42578125,-0.95623756936225627705
-1.421875,-0.95565710250523533387
-1.41796875,-0.95507015166089396659
-1.4140625,-0.95447666251324835809
-1.41015625,-0.95387658054254699425
-1.40625,-0.95326985102802300853
-1.40234375,-0.95265641905070177428
-1.3984375,-0.95203622949626392682
-1.39453125,-0.95140922705796398941
-1.390625,-0.95077535623960476848
-1.38671875,-0.95013456135856767544
-1.3828125,-0.94948678654889912352
-1.37890625,-0.94883197576445313969
-1.375,-0.94817007278209032256
-1.37109375,-0.94750102120493326849
-1.3671875,-0.94682476446567857888
-1.36328125,-0.94614124582996555262
-1.359375,-0.94545040839980165815
-1.35546875,-0.94475219511704487022
-1.3515625,-0.94404654876694294704
-1.34765625,-0.94333341198172971357
-1.34375,-0.94261272724427840712
-1.33984375,-0.94188443689181213147
-1.3359375,-0.94114848311967145561
-1.33203125,-0.94040480798513918316
-1.328125,-0.93965335341132230832
-1.32421875,-0.93889406119109116369
-1.3203125,-0.93812687299107575495
-1.31640625,-0.93735173035571926677
-1.3125,-0.9365685747113887137
-1.30859375,-0.93577734737054269883
-1.3046875,-0.93497798953595623232
-1.30078125,-0.93417044230500255083
-1.296875,-0.93335464667399186759
-1.29296875,-0.93253054354256697207
-1.2890625,-0.93169807371815558645
-1.28515625,-0.93085717792047937507
-1.28125,-0.93000779678611949131
-1.27734375,-0.92914987087313853489
-1.2734375,-0.92828334066575878093
-1.26953125,-0.92740814657909653025
-1.265625,-0.92652422896395241866
-1.26171875,-0.92563152811165751099
-1.2578125,-0.92472998425897499366
-1.25390625,-0.92381953759305726749
-1.25,-0.92290012825645823014
-1.24609375,-0.92197169635220052568
-1.2421875,-0.92103418194889752606
-1.23828125,-0.92008752508592979719
-1.234375,-0.91913166577867578965
-1.23046875,-0.91816654402379648174
-1.2265625,-0.91719209980457368988
-1.22265625,-0.91620827309630174866
-1.21875,-0.91521500387173225031
-1.21484375,-0.9142122321065715205
-1.2109375,-0.91319989778503049454
-1.20703125,-0.91217794090542664522
-1.203125,-0.9111463014858376007
-1.19921875,-0.91010491956980607769
-1.1953125,-0.90905373523209574244
-1.19140625,-0.90799268858449759874
-1.1875,-0.90692171978168648926
-1.18359375,-0.90584076902712728336
-1.1796875,-0.9047497765790303113
-1.17578125,-0.90364868275635559177
-1.171875,-0.90253742794486538628
-1.16796875,-0.90141595260322460081
-1.1640625,-0.90028419726914854192
-1.16015625,-0.89914210256559752125
-1.15625,-0.89798960920701778884
-1.15234375,-0.89682665800562826292
-1.1484375,-0.89565318987775250992
-1.14453125,-0.89446914585019541571
-1.140625,-0.8932744670666639753
-1.13671875,-0.89206909479423161541
-1.1328125,-0.89085297042984545064
-1.12890625,-0.88962603550687586081
-1.125,-0.88838823170170776407
-1.12109375,-0.88713950084037294651
-1.1171875,-0.88587978490522279647
-1.11328125,-0.88460902604164077798
-1.109375,-0.8833271665647939649
-1.10546875,-0.88203414896642294415
-1.1015625,-0.88072991592166938299
-1.09765625,-0.87941441029594054284
-1.09375,-0.87808757515181000833
-1.08984375,-0.87674935375595388797
-1.0859375,-0.87539968958612172937
-1.08203125,-0.87403852633814137936
-1.078125,-0.87266580793295700625
-1.07421875,-0.87128147852369948896
-1.0703125,-0.86988548250278836481
-1.06640625,-0.86847776450906451513
-1.0625,-0.86705826943495275538
-1.05859375,-0.86562694243365348378
-1.0546875,-0.8641837289263625301
-1.05078125,-0.86272857460951833392
-1.046875,-0.86126142546207556929
-1.04296875,-0.85978222775280432063
-1.0390625,-0.8582909280476139025
-1.03515625,-0.85678747321690040394
-1.03125,-0.85527181044291702615
-1.02734375,-0.8537438872271662705
-1.0234375,-0.85220365139781302201
-1.01953125,-0.85065105111711756208
-1.015625,-0.84908603488888753257
-1.01171875,-0.84750855156594786207
-1.0078125,-0.84591855035762765397
-1.00390625,-0.84431598083726302462
-1.,-0.84270079294971486934
-0.99609375,-0.84107293701890052253
-0.9921875,-0.83943236375533826806
-0.98828125,-0.83777902426370364505
-0.984375,-0.83611287005039648396
-0.98046875,-0.83443385303111759763
-0.9765625,-0.83274192553845404151
-0.97265625,-0.83103704032947184773
-0.96875,-0.82931915059331512739
-0.96484375,-0.8275882099588104262
-0.9609375,-0.82584417250207520879
-0.95703125,-0.82408699275412933774
-0.953125,-0.82231662570850840438
-0.94921875,-0.8205330268288777592
-0.9453125,-0.818736152056646081
-0.94140625,-0.81692595781857731532
-0.9375,-0.81510240103439980418
-0.93359375,-0.81326543912441142093
-0.9296875,-0.81141503001707951599
-0.92578125,-0.80955113215663447132
-0.921875,-0.80767370451065565385
-0.91796875,-0.80578270657764855071
-0.9140625,-0.80387809839461186161
-0.91015625,-0.80195984054459331704
-0.90625,-0.80002789416423298376
-0.90234375,-0.79808222095129281268
-0.8984375,-0.79612278317217117775
-0.89453125,-0.79414954366940114837
-0.890625,-0.79216246586913123169
-0.88671875,-0.79016151378858731576
-0.8828125,-0.78814665204351453877
-0.87890625,-0.78611784585559780439
-0.875,-0.78407506105985965831
-0.87109375,-0.78201826411203423636
-0.8671875,-0.77994742209591598966
-0.86328125,-0.77786250273068188857
-0.859375,-0.77576347437818580273
-0.85546875,-0.77365030605022375082
-0.8515625,-0.77152296741576871013
-0.84765625,-0.76938142880817367297
-0.84375,-0.76722566123234163346
-0.83984375,-0.76505563637186118604
-0.8359375,-0.76287132659610641417
-0.83203125,-0.76067270496729974557
-0.828125,-0.75845974524753644854
-0.82421875,-0.75623242190576944198
-0.8203125,-0.75399071012475309053
-0.81640625,-0.75173458580794465503
-0.8125,-0.74946402558636206761
-0.80859375,-0.74717900682539670024
-0.8046875,-0.74487950763157979522
-0.80078125,-0.74256550685930122609
-0.796875,-0.74023698411747925771
-0.79296875,-0.73789391977617997487
-0.7890625,-0.73553629497318504955
-0.78515625,-0.73316409162050651825
-0.78125,-0.730777292410847242
-0.77734375,-0.72837588082400572369
-0.7734375,-0.72595984113322395912
-0.76953125,-0.72352915841147700068
-0.765625,-0.72108381853770291501
-0.76171875,-0.71862380820297181906
-0.7578125,-0.7161491149165926822
-0.75390625,-0.71365972701215658525
-0.75,-0.7111556336535151316
-0.74609375,-0.70863682484069270924
-0.7421875,-0.70610329141573130729
-0.73828125,-0.7035550250684665951
-0.734375,-0.70099201834223397723
-0.73046875,-0.69841426463950334273
-0.7265625,-0.69582175822744123303
-0.72265625,-0.69321449424339915854
-0.71875,-0.69059246870032680026
-0.71484375,-0.68795567849210883945
-0.7109375,-0.68530412139882416521
-0.70703125,-0.6826377960919262168
-0.703125,-0.67995670213934322534
-0.69921875,-0.67726084001049712707
-0.6953125,-0.67455021108123992857
-0.69140625,-0.67182481763870631261
-0.6875,-0.66908466288608128223
-0.68359375,-0.6663297509472816494
-0.6796875,-0.66356008687155018414
-0.67578125,-0.66077567663796124948
-0.671875,-0.65797652715983675758
-0.66796875,-0.65516264628907129259
-0.6640625,-0.65233404282036525643
-0.66015625,-0.64949072649536490426
-0.65625,-0.6466327080067081478
-0.65234375,-0.643759999001975016
-0.6484375,-0.6408726120875416742
-0.64453125,-0.63797056083233691507
-0.640625,-0.63505385977150004684
-0.63671875,-0.63212252440993911707
-0.6328125,-0.62917657122578842287
-0.62890625,-0.62621601767376427201
-0.625,-0.62324088218841797245
-0.62109375,-0.62025118418728504204
-0.6171875,-0.61724694407392964371
-0.61328125,-0.61422818324088326617
-0.609375,-0.6111949240724766846
-0.60546875,-0.60814718994756425066
-0.6015625,-0.60508500524213957652
-0.59765625,-0.60200839533184169275
-0.59375,-0.59891738659435077583
-0.58984375,-0.59581200641167255712
-0.5859375,-0.59269228317231054092
-0.58203125,-0.58955824627332517642
-0.578125,-0.5864099261222791445
-0.57421875,-0.58324735413906793768
-0.5703125,-0.58007056275763492887
-0.56640625,-0.57687958542757014179
-0.5625,-0.57367445661559195399
-0.55859375,-0.57045521180691098134
-0.5546875,-0.56722188750647541112
-0.55078125,-0.5639745212400970692
-0.546875,-0.56071315155545752598
-0.54296875,-0.55743781802299356403
-0.5390625,-0.55414856123666135037
-0.53515625,-0.55084542281457867502
-0.53125,-0.54752844539954463766
-0.52734375,-0.54419767265943618369
-0.5234375,-0.54085314928748091137
-0.51953125,-0.53749492100240559168
-0.515625,-0.53412303454845986336
-0.51171875,-0.53073753769531458601
-0.5078125,-0.52733847923783435506
-0.50390625,-0.52392590899572370368
-0.5,-0.52049987781304653768
-0.49609375,-0.51706043755761837103
-0.4921875,-0.51360764112027095129
-0.48828125,-0.51014154241398888599
-0.484375,-0.50666219637291790286
-0.48046875,-0.50316965895124439903
-0.4765625,-0.49966398712194595679
-0.47265625,-0.49614523887541252537
-0.46875,-0.49261347321793799159
-0.46484375,-0.48906875017008188416
-0.4609375,-0.48551113076490097991
-0.45703125,-0.48194067704605060285
-0.453125,-0.47835745206575543028
-0.44921875,-0.47476151988264964334
-0.4453125,-0.47115294555948628286
-0.44140625,-0.46753179516071569478
-0.4375,-0.46389813574993297302
-0.43359375,-0.46025203538719433146
-0.4296875,-0.45659356312620236043
-0.42578125,-0.45292278901136014691
-0.421875,-0.44923978407469426196
-0.41796875,-0.44554462033264664244
-0.4140625,-0.44183737078273541874
-0.41015625,-0.43811810940008476406
-0.40625,-0.43438691113382386536
-0.40234375,-0.43064385190335514001
-0.3984375,-0.42688900859449184721
-0.39453125,-0.42312245905546526684
-0.390625,-0.4193442820928016437
-0.38671875,-0.41555455746706911898
-0.3828125,-0.41175336588849489569
-0.37890625,-0.40794078901245290913
-0.375,-0.40411690943482229832
-0.37109375,-0.4002818106872169985
-0.3671875,-0.39643557723208679979
-0.36328125,-0.39257829445769024153
-0.359375,-0.38871004867293973627
-0.35546875,-0.38483092710211934227
-0.3515625,-0.38094101787947562755
-0.34765625,-0.37704041004368209348
-0.34375,-0.37312919353217764994
-0.33984375,-0.3692074591753796589
-0.3359375,-0.36527529869077208761
-0.33203125,-0.36133280467686933672
-0.328125,-0.35738007060705633342
-0.32421875,-0.3534171908233055034
-0.3203125,-0.34944426052977126018
-0.31640625,-0.3454613757862626739
-0.3125,-0.34146863350159500629
-0.30859375,-0.33746613142682082194
-0.3046875,-0.33345396814834141014
-0.30078125,-0.32943224308089927546
-0.296875,-0.32540105646045247837
-0.29296875,-0.32136050933693163144
-0.2890625,-0.31731070356688037944
-0.28515625,-0.3132517418059802154
-0.28125,-0.30918372750146050778
-0.27734375,-0.30510676488439463674
-0.2734375,-0.3010209589618831607
-0.26953125,-0.29692641550912495693
-0.265625,-0.29282324106137730267
-0.26171875,-0.28871154290580588556
-0.2578125,-0.28459142907322575469
-0.25390625,-0.28046300832973424535
-0.25,-0.27632639016823693299
-0.24609375,-0.27218168479986769315
-0.2421875,-0.2680290031453039661
-0.23828125,-0.2638684568259783461
-0.234375,-0.25970015815518763641
-0.23046875,-0.25552422012910053229
-0.2265625,-0.25134075641766511489
-0.22265625,-0.24714988135541735946
-0.21875,-0.24295170993219188178
-0.21484375,-0.23874635778373616682
-0.2109375,-0.23453394118222954341
-0.20703125,-0.23031457702670818843
-0.203125,-0.22608838283339746353
-0.19921875,-0.22185547672595290638
-0.1953125,-0.2176159774256112176
-0.19140625,-0.21337000424125260282
-0.1875,-0.2091176770593758483
-0.18359375,-0.20485911633398752598
-0.1796875,-0.20059444307640674229
-0.17578125,-0.19632377884498686231
-0.171875,-0.19204724573475565824
-0.16796875,-0.18776496636697534834
-0.1640625,-0.18347706387862400888
-0.16015625,-0.17918366191179985854
-0.15625,-0.17488488460304993041
-0.15234375,-0.17058085657262466289
-0.1484375,-0.1662717029136599562
-0.14453125,-0.16195754918128825642
-0.140625,-0.15763852138168024399
-0.13671875,-0.15331474596101871802
-0.1328125,-0.14898634979440628227
-0.12890625,-0.14465346017470845234
-0.125,-0.14031620480133381739
-0.12109375,-0.13597471176895290306
-0.1171875,-0.13162910955615739484
-0.11328125,-0.12727952701406139421
-0.109375,-0.12292609335484639177
-0.10546875,-0.1185689381402516537
-0.1015625,-0.11420819127001172916
-0.09765625,-0.1098439829702427979
-0.09375,-0.10547644378177958773
-0.08984375,-0.10110570454846460217
-0.0859375,-0.09673189640539140887
-0.08203125,-0.092355150767103748777
-0.078125,-0.087975599315752235823
-0.07421875,-0.08359337398921042555
-0.0703125,-0.079208606969152039992
-0.06640625,-0.074821430669091144235
-0.0625,-0.070431977722387078051
-0.05859375,-0.066040380970215953427
-0.0546875,-0.061646773449510536007
-0.05078125,-0.057251288380870335118
-0.046875,-0.052854059156443733477
-0.04296875,-0.048455219327783993569
-0.0390625,-0.044054902593680983295
-0.03515625,-0.039653242787970468652
-0.03125,-0.035250373867322825999
-0.02734375,-0.030846429899013030843
-0.0234375,-0.026441545048673784088
-0.01953125,-0.022035853568033640272
-0.015625,-0.017629489782642005546
-0.01171875,-0.013222588079582875917
-0.0078125,-0.0088152828951791887128
-0.00390625,-0.0044077087026896622133
0,0
0.00390625,0.0044077087026896622133
0.0078125,0.0088152828951791887128
0.01171875,0.013222588079582875917
0.015625,0.017629489782642005546
0.01953125,0.022035853568033640272
0.0234375,0.026441545048673784088
0.02734375,0.030846429899013030843
0.03125,0.035250373867322825999
0.03515625,0.039653242787970468652
0.0390625,0.044054902593680983295
0.04296875,0.048455219327783993569
0.046875,0.052854059156443733477
0.05078125,0.057251288380870335118
0.0546875,0.061646773449510536007
0.05859375,0.066040380970215953427
0.0625,0.070431977722387078051
0.06640625,0.074821430669091144235
0.0703125,0.079208606969152039992
0.07421875,0.08359337398921042555
0.078125,0.087975599315752235823
0.08203125,0.092355150767103748777
0.0859375,0.09673189640539140887
0.08984375,0.10110570454846460217
0.09375,0.10547644378177958773
0.09765625,0.1098439829702427979
0.1015625,0.11420819127001172916
0.10546875,0.1185689381402516537
0.109375,0.12292609335484639177
0.11328125,0.12727952701406139421
0.1171875,0.13162910955615739484
0.12109375,0.13597471176895290306
0.125,0.14031620480133381739
0.12890625,0.14465346017470845234
0.1328125,0.14898634979440628227
0.13671875,0.15331474596101871802
0.140625,0.15763852138168024399
0.14453125,0.16195754918128825642
0.1484375,0.1662717029136599562
0.15234375,0.17058085657262466289
0.15625,0.17488488460304993041
0.16015625,0.17918366191179985854
0.1640625,0.18347706387862400888
0.16796875,0.18776496636697534834
0.171875,0.19204724573475565824
0.17578125,0.19632377884498686231
0.1796875,0.20059444307640674229
0.18359375,0.20485911633398752598
0.1875,0.2091176770593758483
0.19140625,0.21337000424125260282
0.1953125,0.2176159774256112176
0.19921875,0.22185547672595290638
0.203125,0.22608838283339746353
0.20703125,0.23031457702670818843
0.2109375,0.23453394118222954341
0.21484375,0.23874635778373616682
0.21875,0.24295170993219188178
0.22265625,0.24714988135541735946
0.2265625,0.25134075641766511489
0.23046875,0.25552422012910053229
0.234375,0.25970015815518763641
0.23828125,0.2638684568259783461
0.2421875,0.2680290031453039661
0.24609375,0.27218168479986769315
0.25,0.27632639016823693299
0.25390625,0.28046300832973424535
0.2578125,0.28459142907322575469
0.26171875,0.28871154290580588556
0.265625,0.29282324106137730267
0.26953125,0.29692641550912495693
0.2734375,0.3010209589618831607
0.27734375,0.30510676488439463674
0.28125,0.30918372750146050778
0.28515625,0.3132517418059802154
0.2890625,0.31731070356688037944
0.29296875,0.32136050933693163144
0.296875,0.32540105646045247837
0.30078125,0.32943224308089927546
0.3046875,0.33345396814834141014
0.30859375,0.33746613142682082194
0.3125,0.34146863350159500629
0.31640625,0.3454613757862626739
0.3203125,0.34944426052977126018
0.32421875,0.3534171908233055034
0.328125,0.35738007060705633342
0.33203125,0.36133280467686933672
0.3359375,0.36527529869077208761
0.33984375,0.3692074591753796589
0.34375,0.37312919353217764994
0.34765625,0.37704041004368209348
0.3515625,0.38094101787947562755
0.35546875,0.38483092710211934227
0.359375,0.38871004867293973627
0.36328125,0.39257829445769024153
0.3671875,0.39643557723208679979
0.37109375,0.4002818106872169985
0.375,0.40411690943482229832
0.37890625,0.40794078901245290913
0.3828125,0.41175336588849489569
0.38671875,0.41555455746706911898
0.390625,0.4193442820928016437
0.39453125,0.42312245905546526684
0.3984375,0.42688900859449184721
0.40234375,0.43064385190335514001
0.40625,0.43438691113382386536
0.41015625,0.43811810940008476406
0.4140625,0.44183737078273541874
0.41796875,0.44554462033264664244
0.421875,0.44923978407469426196
0.42578125,0.45292278901136014691
0.4296875,0.45659356312620236043
0.43359375,0.46025203538719433146
0.4375,0.46389813574993297302
0.44140625,0.46753179516071569478
0.4453125,0.47115294555948628286
0.44921875,0.47476151988264964334
0.453125,0.47835745206575543028
0.45703125,0.48194067704605060285
0.4609375,0.48551113076490097991
0.46484375,0.48906875017008188416
0.46875,0.49261347321793799159
0.47265625,0.49614523887541252537
0.4765625,0.49966398712194595679
0.48046875,0.50316965895124439903
0.484375,0.50666219637291790286
0.48828125,0.51014154241398888599
0.4921875,0.51360764112027095129
0.49609375,0.51706043755761837103
0.5,0.52049987781304653768
0.50390625,0.52392590899572370368
0.5078125,0.52733847923783435506
0.51171875,0.53073753769531458601
0.515625,0.53412303454845986336
0.51953125,0.53749492100240559168
0.5234375,0.54085314928748091137
0.52734375,0.54419767265943618369
0.53125,0.54752844539954463766
0.53515625,0.55084542281457867502
0.5390625,0.55414856123666135037
0.54296875,0.55743781802299356403
0.546875,0.56071315155545752598
0.55078125,0.5639745212400970692
0.5546875,0.56722188750647541112
0.55859375,0.57045521180691098134
0.5625,0.57367445661559195399
0.56640625,0.57687958542757014179
0.5703125,0.58007056275763492887
0.57421875,0.58324735413906793768
0.578125,0.5864099261222791445
0.58203125,0.58955824627332517642
0.5859375,0.59269228317231054092
0.58984375,0.59581200641167255712
0.59375,0.59891738659435077583
0.59765625,0.60200839533184169275
0.6015625,0.60508500524213957652
0.60546875,0.60814718994756425066
0.609375,0.6111949240724766846
0.61328125,0.61422818324088326617
0.6171875,0.61724694407392964371
0.62109375,0.62025118418728504204
0.625,0.62324088218841797245
0.62890625,0.62621601767376427201
0.6328125,0.62917657122578842287
0.63671875,0.63212252440993911707
0.640625,0.63505385977150004684
0.64453125,0.63797056083233691507
0.6484375,0.6408726120875416742
0.65234375,0.643759999001975016
0.65625,0.6466327080067081478
0.66015625,0.64949072649536490426
0.6640625,0.65233404282036525643
0.66796875,0.65516264628907129259
0.671875,0.65797652715983675758
0.67578125,0.66077567663796124948
0.6796875,0.66356008687155018414
0.68359375,0.6663297509472816494
0.6875,0.66908466288608128223
0.69140625,0.67182481763870631261
0.6953125,0.67455021108123992857
0.69921875,0.67726084001049712707
0.703125,0.67995670213934322534
0.70703125,0.6826377960919262168
0.7109375,0.68530412139882416521
0.71484375,0.68795567849210883945
0.71875,0.69059246870032680026
0.72265625,0.69321449424339915854
0.7265625,0.69582175822744123303
0.73046875,0.69841426463950334273
0.734375,0.70099201834223397723
0.73828125,0.7035550250684665951
0.7421875,0.70610329141573130729
0.74609375,0.70863682484069270924
0.75,0.7111556336535151316
0.75390625,0.71365972701215658525
0.7578125,0.7161491149165926822
0.76171875,0.71862380820297181906
0.765625,0.72108381853770291501
0.76953125,0.72352915841147700068
0.7734375,0.72595984113322395912
0.77734375,0.72837588082400572369
0.78125,0.730777292410847242
0.78515625,0.73316409162050651825
0.7890625,0.73553629497318504955
0.79296875,0.73789391977617997487
0.796875,0.74023698411747925771
0.80078125,0.74256550685930122609
0.8046875,0.74487950763157979522
0.80859375,0.74717900682539670024
0.8125,0.74946402558636206761
0.81640625,0.75173458580794465503
0.8203125,0.75399071012475309053
0.82421875,0.75623242190576944198
0.828125,0.75845974524753644854
0.83203125,0.76067270496729974557
0.8359375,0.76287132659610641417
0.83984375,0.76505563637186118604
0.84375,0.76722566123234163346
0.84765625,0.76938142880817367297
0.8515625,0.77152296741576871013
0.85546875,0.77365030605022375082
0.859375,0.77576347437818580273
0.86328125,0.77786250273068188857
0.8671875,0.77994742209591598966
0.87109375,0.78201826411203423636
0.875,0.78407506105985965831
0.87890625,0.78611784585559780439
0.8828125,0.78814665204351453877
0.88671875,0.79016151378858731576
0.890625,0.79216246586913123169
0.89453125,0.79414954366940114837
0.8984375,0.79612278317217117775
0.90234375,0.79808222095129281268
0.90625,0.80002789416423298376
0.91015625,0.80195984054459331704
0.9140625,0.80387809839461186161
0.91796875,0.80578270657764855071
0.921875,0.80767370451065565385
0.92578125,0.80955113215663447132
0.9296875,0.81141503001707951599
0.93359375,0.81326543912441142093
0.9375,0.81510240103439980418
0.94140625,0.81692595781857731532
0.9453125,0.818736152056646081
0.94921875,0.8205330268288777592
0.953125,0.82231662570850840438
0.95703125,0.82408699275412933774
0.9609375,0.82584417250207520879
0.96484375,0.8275882099588104262
0.96875,0.82931915059331512739
0.97265625,0.83103704032947184773
0.9765625,0.83274192553845404151
0.98046875,0.83443385303111759763
0.984375,0.83611287005039648396
0.98828125,0.83777902426370364505
0.9921875,0.83943236375533826806
0.99609375,0.84107293701890052253
1.,0.84270079294971486934
1.00390625,0.84431598083726302462
1.0078125,0.84591855035762765397
1.01171875,0.84750855156594786207
1.015625,0.84908603488888753257
1.01953125,0.85065105111711756208
1.0234375,0.85220365139781302201
1.02734375,0.8537438872271662705
1.03125,0.85527181044291702615
1.03515625,0.85678747321690040394
1.0390625,0.8582909280476139025
1.04296875,0.85978222775280432063
1.046875,0.86126142546207556929
1.05078125,0.86272857460951833392
1.0546875,0.8641837289263625301
1.05859375,0.86562694243365348378
1.0625,0.86705826943495275538
1.06640625,0.86847776450906451513
1.0703125,0.86988548250278836481
1.07421875,0.87128147852369948896
1.078125,0.87266580793295700625
1.08203125,0.87403852633814137936
1.0859375,0.87539968958612172937
1.08984375,0.87674935375595388797
1.09375,0.87808757515181000833
1.09765625,0.87941441029594054284
1.1015625,0.88072991592166938299
1.10546875,0.88203414896642294415
1.109375,0.8833271665647939649
1.11328125,0.88460902604164077798
1.1171875,0.88587978490522279647
1.12109375,0.88713950084037294651
1.125,0.88838823170170776407
1.12890625,0.88962603550687586081
1.1328125,0.89085297042984545064
1.13671875,0.89206909479423161541
1.140625,0.8932744670666639753
1.14453125,0.89446914585019541571
1.1484375,0.89565318987775250992
1.15234375,0.89682665800562826292
1.15625,0.89798960920701778884
1.16015625,0.89914210256559752125
1.1640625,0.90028419726914854192
1.16796875,0.90141595260322460081
1.171875,0.90253742794486538628
1.17578125,0.90364868275635559177
1.1796875,0.9047497765790303113
1.18359375,0.90584076902712728336
1.1875,0.90692171978168648926
1.19140625,0.90799268858449759874
1.1953125,0.90905373523209574244
1.19921875,0.91010491956980607769
1.203125,0.9111463014858376007
1.20703125,0.91217794090542664522
1.2109375,0.91319989778503049454
1.21484375,0.9142122321065715205
1.21875,0.91521500387173225031
1.22265625,0.91620827309630174866
1.2265625,0.91719209980457368988
1.23046875,0.91816654402379648174
1.234375,0.91913166577867578965
1.23828125,0.92008752508592979719
1.2421875,0.92103418194889752606
1.24609375,0.92197169635220052568
1.25,0.92290012825645823014
1.25390625,0.92381953759305726749
1.2578125,0.92472998425897499366
1.26171875,0.92563152811165751099
1.265625,0.92652422896395241866
1.26953125,0.92740814657909653025
1.2734375,0.92828334066575878093
1.27734375,0.92914987087313853489
1.28125,0.93000779678611949131
1.28515625,0.93085717792047937507
1.2890625,0.93169807371815558645
1.29296875,0.93253054354256697207
1.296875,0.93335464667399186759
1.30078125,0.93417044230500255083
1.3046875,0.93497798953595623232
1.30859375,0.93577734737054269883
1.3125,0.9365685747113887137
1.31640625,0.93735173035571926677
1.3203125,0.93812687299107575495
1.32421875,0.93889406119109116369
1.328125,0.93965335341132230832
1.33203125,0.94040480798513918316
1.3359375,0.94114848311967145561
1.33984375,0.94188443689181213147
1.34375,0.94261272724427840712
1.34765625,0.94333341198172971357
1.3515625,0.94404654876694294704
1.35546875,0.94475219511704487022
1.359375,0.94545040839980165815
1.36328125,0.94614124582996555262
1.3671875,0.94682476446567857888
1.37109375,0.94750102120493326849
1.375,0.94817007278209032256
1.37890625,0.94883197576445313969
1.3828125,0.94948678654889912352
1.38671875,0.95013456135856767544
1.390625,0.95077535623960476848
1.39453125,0.95140922705796398941
1.3984375,0.95203622949626392682
1.40234375,0.95265641905070177428
1.40625,0.95326985102802300853
1.41015625,0.95387658054254699425
1.4140625,0.95447666251324835809
1.41796875,0.95507015166089396659
1.421875,0.95565710250523533387
1.42578125,0.95623756936225627705
1.4296875,0.95681160634147562936
1.43359375,0.95737926734330481269
1.4375,0.95794060605646006371
1.44140625,0.95849567595542910011
1.4453125,0.95904453029799200573
1.44921875,0.95958722212279610619
1.453125,0.96012380424698459905
1.45703125,0.96065432926387869578
1.4609375,0.96117884954071302544
1.46484375,0.96169741721642404321
1.46875,0.96221008419949118041
1.47265625,0.96271690216583046541
1.4765625,0.96321792255674033922
1.48046875,0.96371319657689938223
1.484375,0.96420277519241566325
1.48828125,0.9646867091289274152
1.4921875,0.96516504886975473624
1.49609375,0.96563784465410200932
1.5,0.96610514647531072707
1.50390625,0.96656700407916240386
1.5078125,0.96702346696223125114
1.51171875,0.96747458437028628693
1.515625,0.96792040529674254515
1.51953125,0.96836097848116104564
1.5234375,0.96879635240779718043
1.52734375,0.9692265753041971675
1.53125,0.96965169513984221822
1.53515625,0.97007175962484006048
1.5390625,0.97048681620866345487
1.54296875,0.97089691207893533726
1.546875,0.97130209416026021677
1.55078125,0.97170240911310145434
1.5546875,0.97209790333270404302
1.55859375,0.97248862294806250761
1.5625,0.97287461382093353737
1.56640625,0.97325592154489296241
1.5703125,0.97363259144443668049
1.57421875,0.97400466857412513825
1.578125,0.97437219771777096739
1.58203125,0.97473522338766937358
1.5859375,0.97509378982387087271
1.58984375,0.97544794099349596671
1.59375,0.97579772059009134816
1.59765625,0.97614317203302722076
1.6015625,0.97648433846693531999
1.60546875,0.97682126276118721626
1.609375,0.97715398750941248057
1.61328125,0.97748255502905629074
1.6171875,0.97780700736097605421
1.62109375,0.97812738626907662178
1.625,0.97844373323998366472
1.62890625,0.97875608948275478634
1.6328125,0.97906449592862793746
1.63671875,0.97936899323080670391
1.640625,0.97966962176428203292
1.64453125,0.97996642162568996409
1.6484375,0.98025943263320492967
1.65234375,0.98054869432646818782
1.65625,0.98083424596655095168
1.66015625,0.98111612653595177661
1.6640625,0.98139437473862776685
1.66796875,0.98166902900005916282
1.671875,0.98194012746734686954
1.67578125,0.98220770800934248641
1.6796875,0.98247180821681039831
1.68359375,0.98273246540262148804
1.6875,0.98298971660197802976
1.69140625,0.98324359857266932338
1.6953125,0.98349414779535762999
1.69921875,0.98374140047389396847
1.703125,0.98398539253566333398
1.70703125,0.98422615963195889929
1.7109375,0.98446373713838476046
1.71484375,0.984698160155286789
1.71875,0.98492946350821115328
1.72265625,0.98515768174839007268
1.7265625,0.98538284915325436898
1.73046875,0.98560499972697238012
1.734375,0.98582416720101480286
1.73828125,0.98604038503474503146
1.7421875,0.98625368641603456123
1.74609375,0.9864641042619030264
1.75,0.98667167121918244377
1.75390625,0.98687641966520523426
1.7578125,0.98707838170851559657
1.76171875,0.9872775891896038082
1.765625,0.98747407368166303111
1.76953125,0.98766786649136820044
1.7734375,0.98785899865967657704
1.77734375,0.9880475009626495458
1.78125,0.9882334039122952441
1.78515625,0.9884167377574316062
1.7890625,0.98859753248456941171
1.79296875,0.98877581781881492818
1.796875,0.98895162322479173987
1.80078125,0.98912497790758135712
1.8046875,0.98929591081368220285
1.80859375,0.9894644506319865748
1.8125,0.98963062579477518496
1.81640625,0.98979446447872887937
1.8203125,0.98995599460595714443
1.82421875,0.99011524384504300805
1.828125,0.99027223961210394651
1.83203125,0.99042700907186841065
1.8359375,0.99057957913876758747
1.83984375,0.99072997647804201582
1.84375,0.99087822750686267784
1.84765625,0.99102435839546619023
1.8515625,0.99116839506830372249
1.85546875,0.99131036320520327189
1.859375,0.99145028824254492794
1.86328125,0.99158819537444876195
1.8671875,0.99172410955397498025
1.87109375,0.99185805549433598259
1.875,0.9919900576701199703
1.87890625,0.99212014031852575161
1.8828125,0.99224832744060839505
1.88671875,0.99237464280253538441
1.890625,0.99249910993685293227
1.89453125,0.99262175214376211201
1.8984375,0.99274259249240447165
1.90234375,0.99286165382215679574
1.90625,0.99297895874393468509
1.91015625,0.99309452964150462706
1.9140625,0.99320838867280423274
1.91796875,0.99332055777127032032
1.921875,0.9934310586471745275
1.92578125,0.99353991278896613895
1.9296875,0.99364714146462181831
1.93359375,0.99375276572300193759
1.9375,0.99385680639521319999
1.94140625,0.99395928409597725586
1.9453125,0.99406021922500501467
1.94921875,0.99415963196837635953
1.953125,0.99425754229992497393
1.95703125,0.994353969982627994
1.9609375,0.99444893457000020315
1.96484375,0.99454245540749248901
1.96875,0.99463455163389428654
1.97265625,0.99472524218273973423
1.9765625,0.99481454578371727407
1.98046875,0.99490248096408242932
1.984375,0.99498906605007349758
1.98828125,0.99507431916832990024
1.9921875,0.99515825824731293273
1.99609375,0.99524090101872866364
2.,0.99532226501895273416
2.00390625,0.99540236759045681281
2.0078125,0.99548122588323646382
2.01171875,0.99555885685624019128
2.015625,0.99563527727879942424
2.01953125,0.99571050373205921182
2.0234375,0.99578455261040940053
2.02734375,0.99585744012291606972
2.03125,0.99592918229475300438
2.03515625,0.99599979496863298797
2.0390625,0.99606929380623870148
2.04296875,0.99613769428965301829
2.046875,0.99620501172278848784
2.05078125,0.99627126123281580448
2.0546875,0.9963364577715910614
2.05859375,0.99640061611708159282
2.0625,0.99646375087479021101
2.06640625,0.99652587647917764808
2.0703125,0.99658700719508301592
2.07421875,0.99664715711914210085
2.078125,0.99670634018120331304
2.08203125,0.99676457014574111385
2.0859375,0.99682186061326674782
2.08984375,0.99687822502173610905
2.09375,0.99693367664795457507
2.09765625,0.99698822860897864463
2.1015625,0.99704189386351421897
2.10546875,0.99709468521331136929
2.109375,0.99714661530455543645
2.11328125,0.99719769662925431206
2.1171875,0.99724794152662175321
2.12109375,0.9972973621844565863
2.125,0.99734597064051765847
2.12890625,0.99739377878389439826
2.1328125,0.99744079835637285024
2.13671875,0.99748704095379705131
2.140625,0.99753251802742561935
2.14453125,0.99757724088528342814
2.1484375,0.99762122069350824519
2.15234375,0.9976644684776922121
2.15625,0.99770699512421805033
2.16015625,0.99774881138158987757
2.1640625,0.9977899278617585234
2.16796875,0.99783035504144123545
2.171875,0.99787010326343567001
2.17578125,0.99790918273792806429
2.1796875,0.99794760354379548977
2.18359375,0.99798537562990208929
2.1875,0.99802250881638920299
2.19140625,0.99805901279595929096
2.1953125,0.99809489713515356337
2.19921875,0.99813017127562323108
2.203125,0.99816484453539429278
2.20703125,0.99819892611012577703
2.2109375,0.99823242507436136034
2.21484375,0.99826535038277428473
2.21875,0.99829771087140550107
2.22265625,0.99832951525889496663
2.2265625,0.99836077214770602808
2.23046875,0.99839149002534282324
2.234375,0.99842167726556063776
2.23828125,0.99845134212956915475
2.2421875,0.99848049276722853823
2.24609375,0.99850913721823829331
2.25,0.9985372834133188483
2.25390625,0.99856493917538580642
2.2578125,0.99859211222071681683
2.26171875,0.998618810160111017
2.265625,0.99864504050004100058
2.26953125,0.99867081064379726713
2.2734375,0.99869612789262511227
2.27734375,0.99872099944685391856
2.28125,0.99874543240701881013
2.28515625,0.99876943377497463534
2.2890625,0.99879301045500224454
2.29296875,0.99881616925490703127
2.296875,0.99883891688710970786
2.30078125,0.99886125996972928772
2.3046875,0.99888320502765824899
2.30859375,0.99890475849362985575
2.3125,0.99892592670927761513
2.31640625,0.99894671592618685013
2.3203125,0.9989671323069383701
2.32421875,0.99898718192614422234
2.328125,0.99900687077147551013
2.33203125,0.99902620474468226417
2.3359375,0.99904518966260535607
2.33984375,0.99906383125818044426
2.34375,0.99908213518143394409
2.34765625,0.9991001070004710159
2.3515625,0.99911775220245556583
2.35546875,0.99913507619458225633
2.359375,0.99915208430504052414
2.36328125,0.99916878178397060572
2.3671875,0.99918517380441157092
2.37109375,0.99920126546324136757
2.375,0.9992170617821088808
2.37890625,0.99923256770835801247
2.3828125,0.99924778811594378719
2.38671875,0.99926272780634049315
2.390625,0.99927739150944186669
2.39453125,0.99929178388445333144
2.3984375,0.99930590952077630368
2.40234375,0.99931977293888457684
2.40625,0.99933337859119279954
2.41015625,0.99934673086291706234
2.4140625,0.99935983407292760987
2.41796875,0.99937269247459369588
2.421875,0.99938531025662059994
2.42578125,0.99939769154387882571
2.4296875,0.99940984039822550147
2.43359375,0.99942176081931800493
2.4375,0.99943345674541983509
2.44140625,0.99944493205419875512
2.4453125,0.99945619056351723093
2.44921875,0.99946723603221519129
2.453125,0.99947807216088513608
2.45703125,0.99948870259263962022
2.4609375,0.99949913091387114168
2.46484375,0.99950936065500446274
2.46875,0.99951939529124139467
2.47265625,0.99952923824329807658
2.4765625,0.99953889287813478
2.48046875,0.9995483625096782718
2.484375,0.99955765039953676823
2.48828125,0.99956675975770751418
2.4921875,0.99957569374327702192
2.49609375,0.99958445546511400475
2.5,0.99959304798255504106
2.50390625,0.9996014743060830056
2.5078125,0.9996097373979983047
2.51171875,0.99961784017308295328
2.515625,0.99962578549925753184
2.51953125,0.99963357619823106209
2.5234375,0.99964121504614384066
2.52734375,0.99964870477420327059
2.53125,0.999656048069312731
2.53515625,0.99966324757469352559
2.5390625,0.99967030589049995139
2.54296875,0.99967722557442752926
2.546875,0.99968400914231443839
2.55078125,0.99969065906873619726
2.5546875,0.99969717778759363387
2.55859375,0.99970356769269418872
2.5625,0.99970983113832659393
2.56640625,0.9997159704398289727
2.5703125,0.99972198787415040325
2.57421875,0.99972788568040599183
2.578125,0.99973366606042549984
2.58203125,0.99973933117929557013
2.5859375,0.99974488316589559788
2.58984375,0.99975032411342729185
2.59375,0.99975565607993797181
2.59765625,0.99976088108883764836
2.6015625,0.99976600112940993147
2.60546875,0.99977101815731681417
2.609375,0.99977593409509737828
2.61328125,0.99978075083266046884
2.6171875,0.99978547022777138443
2.62109375,0.99979009410653263043
2.625,0.99979462426385878256
2.62890625,0.99979906246394550804
2.6328125,0.99980341044073279195
2.63671875,0.99980766989836241619
2.640625,0.99981184251162973902
2.64453125,0.99981592992642982245
2.6484375,0.99981993376019795571
2.65234375,0.9998238556023446223
2.65625,0.99982769701468495858
2.66015625,0.99983145953186275176
2.6640625,0.99983514466176902518
2.66796875,0.99983875388595525868
2.671875,0.99984228866004129206
2.67578125,0.99984575041411795927
2.6796875,0.99984914055314450136
2.68359375,0.99985246045734080579
2.6875,0.99985571148257451995
2.69140625,0.99985889496074308638
2.6953125,0.99986201220015074753
2.69921875,0.99986506448588056736
2.703125,0.99986805308016151734
2.70703125,0.9998709792227306741
2.7109375,0.99987384413119057609
2.71484375,0.99987664900136178632
2.71875,0.99987939500763070809
2.72265625,0.99988208330329270085
2.7265625,0.99988471502089054271
2.73046875,0.99988729127254828637
2.734375,0.99988981315030055489
2.73828125,0.99989228172641732361
2.7421875,0.99989469805372423446
2.74609375,0.99989706316591848858
2.75,0.99989937807788036316
2.75390625,0.99990164378598039806
2.7578125,0.99990386126838229774
2.76171875,0.99990603148534159386
2.765625,0.99990815537950011342
2.76953125,0.99991023387617629753
2.7734375,0.99991226788365141545
2.77734375,0.99991425829345171829
2.78125,0.99991620598062657666
2.78515625,0.99991811180402264642
2.7890625,0.99991997660655410616
2.79296875,0.99992180121546901014
2.796875,0.99992358644261179991
2.80078125,0.9999253330846820179
2.8046875,0.9999270419234892657
2.80859375,0.99992871372620444963
2.8125,0.99993034924560735622
2.81640625,0.99993194922033059938
2.8203125,0.99993351437509998144
2.82421875,0.99993504542097130949
2.828125,0.99993654305556370836
2.83203125,0.99993800796328947152
2.8359375,0.99993944081558049042
2.83984375,0.99994084227111130305
2.84375,0.99994221297601880189
2.84765625,0.99994355356411864127
2.8515625,0.99994486465711838381
2.85546875,0.99994614686482742543
2.859375,0.99994740078536373807
2.86328125,0.99994862700535746894
2.8671875,0.9999498261001514349
2.87109375,0.99995099863399855039
2.875,0.99995214516025622659
2.87890625,0.99995326622157777989
2.8828125,0.99995436235010088683
2.88671875,0.99995543406763312272
2.890625,0.99995648188583462075
2.89453125,0.99995750630639788813
2.8984375,0.99995850782122481541
2.90234375,0.99995948691260091508
2.90625,0.99996044405336682482
2.91015625,0.99996137970708711095
2.9140625,0.99996229432821640704
2.91796875,0.99996318836226292225
2.921875,0.99996406224594935411
2.92578125,0.99996491640737123952
2.9296875,0.99996575126615277805
2.93359375,0.9999665672336001609
2.9375,0.99996736471285243874
2.94140625,0.99996814409902996132
2.9453125,0.99996890577938042156
2.94921875,0.99996965013342253613
2.953125,0.99997037753308739485
2.95703125,0.99997108834285751028
2.9609375,0.99997178291990359905
2.96484375,0.99997246161421912595
2.96875,0.99997312476875264153
2.97265625,0.99997377271953794365
2.9765625,0.99997440579582209325
2.98046875,0.99997502432019131402
2.984375,0.99997562860869480569
2.98828125,0.99997621897096650008
2.9921875,0.99997679571034478891
2.99609375,0.99997735912399025207
3.,0.99997790950300141456
3.00390625,0.99997844713252856035
3.0078125,0.99997897229188563077
3.01171875,0.99997948525466023497
3.015625,0.9999799862888217996
3.01953125,0.99998047565682788456
3.0234375,0.99998095361572869151
3.02734375,0.99998142041726979129
3.03125,0.99998187630799309633
3.03515625,0.99998232152933610381
3.0390625,0.99998275631772943491
3.04296875,0.99998318090469269533
3.046875,0.99998359551692868193
3.05078125,0.99998400037641596013
3.0546875,0.99998439570049983625
3.05859375,0.99998478170198174883
3.0625,0.9999851585892071028
3.06640625,0.99998552656615156976
3.0703125,0.99998588583250587764
3.07421875,0.99998623658375911267
3.078125,0.99998657901128055632
3.08203125,0.99998691330240007939
3.0859375,0.99998723964048711563
3.08984375,0.99998755820502823644
3.09375,0.99998786917170334845
3.09765625,0.99998817271246053505
3.1015625,0.99998846899558956312
3.10546875,0.99998875818579407556
3.109375,0.99998904044426249031
3.11328125,0.99998931592873762588
3.1171875,0.9999895847935850737
3.12109375,0.9999898471898603368
3.125,0.99999010326537475438
3.12890625,0.99999035316476023162
3.1328125,0.99999059702953279362
3.13671875,0.99999083499815498233
3.140625,0.99999106720609711484
3.14453125,0.99999129378589742152
3.1484375,0.99999151486722108181
3.15234375,0.99999173057691817571
3.15625,0.9999919410390805683
3.16015625,0.99999214637509774475
3.1640625,0.99999234670371161295
3.16796875,0.9999925421410702905
3.171875,0.99999273280078089287
3.17578125,0.99999291879396133897
3.1796875,0.99999310022929119047
3.18359375,0.9999932772130615408
3.1875,0.99999344984922396953
3.19140625,0.99999361823943857776
3.1953125,0.99999378248312111976
3.19921875,0.99999394267748924603
3.203125,0.99999409891760787268
3.20703125,0.99999425129643369171
3.2109375,0.99999439990485883688
3.21484375,0.9999945448317537192
3.21875,0.99999468616400904638
3.22265625,0.99999482398657703988
3.2265625,0.99999495838251186334
3.23046875,0.99999508943300927597
3.234375,0.99999521721744552392
3.23828125,0.99999534181341548303
3.2421875,0.99999546329677006567
3.24609375,0.99999558174165290436
3.25,0.99999569722053632488
3.25390625,0.99999580980425662104
3.2578125,0.99999591956204864333
3.26171875,0.99999602656157971346
3.265625,0.99999613086898287653
3.26953125,0.99999623254888950253
3.2734375,0.99999633166446124852
3.27734375,0.99999642827742139289
3.28125,0.9999965224480855527
3.28515625,0.99999661423539179509
3.2890625,0.99999670369693015356
3.29296875,0.99999679088897155963
3.296875,0.99999687586649620046
3.30078125,0.99999695868322131257
3.3046875,0.9999970393916284219
3.30859375,0.99999711804299004013
3.3125,0.99999719468739582707
3.31640625,0.99999726937377822876
3.3203125,0.99999734214993760087
3.32421875,0.99999741306256682665
3.328125,0.99999748215727543872
3.33203125,0.99999754947861325372
3.3359375,0.99999761507009352879
3.33984375,0.99999767897421564857
3.34375,0.99999774123248735147
3.34765625,0.99999780188544650362
3.3515625,0.99999786097268242892
3.35546875,0.99999791853285680338
3.359375,0.99999797460372412182
3.36328125,0.99999802922215174501
3.3671875,0.99999808242413953494
3.37109375,0.99999813424483908601
3.375,0.99999818471857255964
3.37890625,0.99999823387885112994
3.3828125,0.99999828175839304745
3.38671875,0.9999983283891413285
3.390625,0.99999837380228107703
3.39453125,0.99999841802825644598
3.3984375,0.99999846109678724501
3.40234375,0.99999850303688520137
3.40625,0.99999854387686988051
3.41015625,0.99999858364438427288
3.4140625,0.99999862236641005345
3.41796875,0.99999866006928252014
3.421875,0.99999869677870521742
3.42578125,0.99999873251976425104
3.4296875,0.99999876731694230004
3.43359375,0.99999880119413233178
3.4375,0.99999883417465102581
3.44140625,0.99999886628125191221
3.4453125,0.99999889753613823011
3.44921875,0.99999892796097551166
3.453125,0.99999895757690389702
3.45703125,0.99999898640455018549
3.4609375,0.99999901446403962819
3.46484375,0.99999904177500746712
3.46875,0.9999990683566102259
3.47265625,0.99999909422753675685
3.4765625,0.99999911940601904943
3.48046875,0.99999914390984280476
3.484375,0.99999916775635778079
3.48828125,0.99999919096248791284
3.4921875,0.99999921354474121385
3.49609375,0.99999923551921945896
3.5,0.99999925690162765859
3.50390625,0.99999927770728332432
3.5078125,0.99999929795112553184
3.51171875,0.99999931764772378497
3.515625,0.99999933681128668486
3.51953125,0.99999935545567040822
3.5234375,0.9999993735943869987
3.52734375,0.9999993912406124749
3.53125,0.99999940840719475906
3.53515625,0.99999942510666142995
3.5390625,0.99999944135122730355
3.54296875,0.99999945715280184521
3.546875,0.99999947252299641657
3.55078125,0.99999948747313136082
3.5546875,0.99999950201424292949
3.55859375,0.99999951615709005425
3.5625,0.99999952991216096671
3.56640625,0.99999954328967966961
3.5703125,0.99999955629961226227
3.57421875,0.99999956895167312363
3.578125,0.99999958125533095551
3.58203125,0.99999959321981468935
3.5859375,0.99999960485411925911
3.58984375,0.99999961616701124322
3.59375,0.99999962716703437825
3.59765625,0.99999963786251494717
3.6015625,0.99999964826156704476
3.60546875,0.99999965837209772271
3.609375,0.99999966820181201712
3.61328125,0.99999967775821786082
3.6171875,0.99999968704863088296
3.62109375,0.99999969608017909826
3.625,0.99999970485980748843
3.62890625,0.99999971339428247784
3.6328125,0.99999972169019630594
3.63671875,0.9999997297539712985
3.640625,0.99999973759186403991
3.64453125,0.99999974520996944873
3.6484375,0.99999975261422475843
3.65234375,0.99999975981041340562
3.65625,0.9999997668041688275
3.66015625,0.99999977360097817077
3.6640625,0.99999978020618591372
3.66796875,0.99999978662499740359
3.671875,0.9999997928624823108
3.67578125,0.99999979892357800223
3.6796875,0.99999980481309283497
3.68359375,0.99999981053570937252
3.6875,0.99999981609598752506
3.69140625,0.99999982149836761553
3.6953125,0.99999982674717337307
3.69921875,0.99999983184661485549
3.703125,0.99999983680079130242
3.70703125,0.99999984161369392046
3.7109375,0.99999984628920860213
3.71484375,0.99999985083111857987
3.71875,0.99999985524310701667
3.72265625,0.99999985952875953471
3.7265625,0.99999986369156668337
3.73046875,0.99999986773492634808
3.734375,0.99999987166214610119
3.73828125,0.99999987547644549629
3.7421875,0.99999987918095830723
3.74609375,0.99999988277873471308
3.75,0.9999998862727434302
3.75390625,0.99999988966587379277
3.7578125,0.99999989296093778277
3.76171875,0.99999989616067201076
3.765625,0.99999989926773964839
3.76953125,0.99999990228473231387
3.7734375,0.99999990521417191145
3.77734375,0.99999990805851242596
3.78125,0.99999991082014167341
3.78515625,0.99999991350138300876
3.7890625,0.99999991610449699168
3.79296875,0.99999991863168301153
3.796875,0.99999992108508087216
3.80078125,0.99999992346677233781
3.8046875,0.9999999257787826408
3.80859375,0.9999999280230819519
3.8125,0.99999993020158681438
3.81640625,0.99999993231616154249
3.8203125,0.9999999343686195852
3.82421875,0.99999993636072485608
3.828125,0.99999993829419303001
3.83203125,0.99999994017069280762
3.8359375,0.99999994199184714815
3.83984375,0.99999994375923447146
3.84375,0.99999994547438982996
3.84765625,0.99999994713880605116
3.8515625,0.99999994875393485153
3.85546875,0.99999995032118792234
3.859375,0.9999999518419379882
3.86328125,0.99999995331751983884
3.8671875,0.9999999547492313349
3.87109375,0.99999995613833438825
3.875,0.99999995748605591751
3.87890625,0.99999995879358877934
3.8828125,0.99999996006209267605
3.88671875,0.99999996129269504019
3.890625,0.99999996248649189654
3.89453125,0.99999996364454870219
3.8984375,0.99999996476790116517
3.90234375,0.99999996585755604205
3.90625,0.99999996691449191526
3.91015625,0.99999996793965995038
3.9140625,0.99999996893398463402
3.91796875,0.99999996989836449274
3.921875,0.99999997083367279342
3.92578125,0.99999997174075822565
3.9296875,0.99999997262044556641
3.93359375,0.99999997347353632766
3.9375,0.99999997430080938709
3.94140625,0.99999997510302160257
3.9453125,0.99999997588090841063
3.94921875,0.99999997663518440941
3.953125,0.99999997736654392638
3.95703125,0.99999997807566157134
3.9609375,0.99999997876319277495
3.96484375,0.99999997942977431318
3.96875,0.99999998007602481804
3.97265625,0.99999998070254527496
3.9765625,0.9999999813099195071
3.98046875,0.9999999818987146469
3.984375,0.9999999824694815953
3.98828125,0.99999998302275546882
3.9921875,0.99999998355905603482
3.99609375,0.99999998407888813536
4.,0.99999998458274209972
4.00390625,0.99999998507109414611
4.0078125,0.99999998554440677267
4.01171875,0.99999998600312913811
4.015625,0.99999998644769743223
4.01953125,0.99999998687853523655
4.0234375,0.99999998729605387536
4.02734375,0.9999999877006527574
4.03125,0.9999999880927197084
4.03515625,0.99999998847263129472
4.0390625,0.99999998884075313828
4.04296875,0.99999998919744022317
4.046875,0.99999998954303719383
4.05078125,0.99999998987787864541
4.0546875,0.99999999020228940614
4.05859375,0.99999999051658481222
4.0625,0.99999999082107097519
4.06640625,0.99999999111604504212
4.0703125,0.99999999140179544876
4.07421875,0.9999999916786021658
4.078125,0.99999999194673693846
4.08203125,0.99999999220646351958
4.0859375,0.99999999245803789637
4.08984375,0.99999999270170851095
4.09375,0.99999999293771647489
4.09765625,0.99999999316629577795
4.1015625,0.99999999338767349099
4.10546875,0.99999999360206996343
4.109375,0.99999999380969901525
4.11328125,0.99999999401076812374
4.1171875,0.99999999420547860508
4.12109375,0.99999999439402579099
4.125,0.99999999457659920043
4.12890625,0.99999999475338270663
4.1328125,0.99999999492455469947
4.13671875,0.99999999509028824337
4.140625,0.99999999525075123087
4.14453125,0.99999999540610653183
4.1484375,0.9999999955565121386
4.15234375,0.99999999570212130711
4.15625,0.99999999584308269403
4.16015625,0.99999999597954049013
4.1640625,0.99999999611163454988
4.16796875,0.99999999623950051748
4.171875,0.99999999636326994932
4.17578125,0.99999999648307043305
4.1796875,0.9999999965990257033
4.18359375,0.99999999671125575413
4.1875,0.99999999681987694834
4.19140625,0.99999999692500212369
4.1953125,0.99999999702674069617
4.19921875,0.99999999712519876031
4.203125,0.99999999722047918665
4.20703125,0.99999999731268171652
4.2109375,0.99999999740190305406
4.21484375,0.99999999748823695568
4.21875,0.99999999757177431697
4.22265625,0.99999999765260325714
4.2265625,0.99999999773080920106
4.23046875,0.99999999780647495893
4.234375,0.99999999787968080376
4.23828125,0.99999999795050454656
4.2421875,0.99999999801902160938
4.24609375,0.99999999808530509636
4.25,0.99999999814942586261
4.25390625,0.99999999821145258121
4.2578125,0.99999999827145180825
4.26171875,0.99999999832948804597
4.265625,0.99999999838562380418
4.26953125,0.99999999843991965979
4.2734375,0.99999999849243431472
4.27734375,0.99999999854322465205
4.28125,0.99999999859234579064
4.28515625,0.99999999863985113811
4.2890625,0.99999999868579244225
4.29296875,0.99999999873021984105
4.296875,0.99999999877318191117
4.30078125,0.99999999881472571505
4.3046875,0.99999999885489684662
4.30859375,0.99999999889373947573
4.3125,0.99999999893129639123
4.31640625,0.99999999896760904278
4.3203125,0.99999999900271758154
4.32421875,0.9999999990366608995
4.328125,0.99999999906947666783
4.33203125,0.99999999910120137398
4.3359375,0.99999999913187035774
4.33984375,0.99999999916151784625
4.34375,0.99999999919017698796
4.34765625,0.99999999921787988554
4.3515625,0.99999999924465762796
4.35546875,0.99999999927054032145
4.359375,0.99999999929555711964
4.36328125,0.99999999931973625283
4.3671875,0.99999999934310505632
4.37109375,0.99999999936568999791
4.375,0.99999999938751670464
4.37890625,0.99999999940860998871
4.3828125,0.99999999942899387256
4.38671875,0.99999999944869161329
4.390625,0.9999999994677257263
4.39453125,0.9999999994861180084
4.3984375,0.9999999995038895596
4.40234375,0.9999999995210608054
4.40625,0.9999999995376515171
4.41015625,0.9999999995536808326
4.4140625,0.9999999995691672758
4.41796875,0.9999999995841287757
4.421875,0.9999999995985826853
4.42578125,0.9999999996125457992
4.4296875,0.999999999626034371
4.43359375,0.9999999996390641308
4.4375,0.9999999996516503008
4.44140625,0.9999999996638076117
4.4453125,0.999999999675550318
4.44921875,0.9999999996868922131
4.453125,0.9999999996978466433
4.45703125,0.9999999997084265226
4.4609375,0.9999999997186443455
4.46484375,0.9999999997285122011
4.46875,0.999999999738041785
4.47265625,0.9999999997472444124
4.4765625,0.9999999997561310299
4.48046875,0.9999999997647122272
4.484375,0.9999999997729982481
4.48828125,0.999999999780999002
4.4921875,0.9999999997887240742
4.49609375,0.9999999997961827362
4.5,0.9999999998033839558
4.50390625,0.9999999998103364067
4.5078125,0.9999999998170484778
4.51171875,0.9999999998235282825
4.515625,0.9999999998297836672
4.51953125,0.9999999998358222203
4.5234375,0.9999999998416512798
4.52734375,0.9999999998472779421
4.53125,0.9999999998527090689
4.53515625,0.9999999998579512954
4.5390625,0.9999999998630110375
4.54296875,0.9999999998678944984
4.546875,0.999999999872607676
4.55078125,0.999999999877156369
4.5546875,0.9999999998815461839
4.55859375,0.9999999998857825407
4.5625,0.9999999998898706792
4.56640625,0.9999999998938156647
4.5703125,0.9999999998976223939
4.57421875,0.9999999999012955999
4.578125,0.999999999904839858
4.58203125,0.9999999999082595906
4.5859375,0.9999999999115590721
4.58984375,0.9999999999147424338
4.59375,0.9999999999178136687
4.59765625,0.9999999999207766357
4.6015625,0.9999999999236350643
4.60546875,0.9999999999263925586
4.609375,0.9999999999290526016
4.61328125,0.999999999931618559
4.6171875,0.9999999999340936829
4.62109375,0.999999999936481116
4.625,0.9999999999387838949
4.62890625,0.9999999999410049533
4.6328125,0.9999999999431471261
4.63671875,0.9999999999452131519
4.640625,0.9999999999472056767
4.64453125,0.9999999999491272568
4.6484375,0.9999999999509803616
4.65234375,0.9999999999527673767
4.65625,0.9999999999544906065
4.66015625,0.999999999956152277
4.6640625,0.9999999999577545386
4.66796875,0.9999999999592994679
4.671875,0.9999999999607890712
4.67578125,0.9999999999622252857
4.6796875,0.9999999999636099828
4.68359375,0.9999999999649449696
4.6875,0.9999999999662319915
4.69140625,0.999999999967472734
4.6953125,0.9999999999686688246
4.69921875,0.9999999999698218351
4.703125,0.9999999999709332833
4.70703125,0.9999999999720046347
4.7109375,0.9999999999730373042
4.71484375,0.9999999999740326581
4.71875,0.9999999999749920155
4.72265625,0.9999999999759166501
4.7265625,0.9999999999768077913
4.73046875,0.9999999999776666263
4.734375,0.9999999999784943009
4.73828125,0.9999999999792919213
4.7421875,0.9999999999800605555
4.74609375,0.9999999999808012341
4.75,0.9999999999815149523
4.75390625,0.9999999999822026703
4.7578125,0.999999999982865315
4.76171875,0.9999999999835037812
4.765625,0.9999999999841189323
4.76953125,0.9999999999847116016
4.7734375,0.9999999999852825933
4.77734375,0.9999999999858326835
4.78125,0.9999999999863626212
4.78515625,0.999999999986873129
4.7890625,0.9999999999873649043
4.79296875,0.9999999999878386201
4.796875,0.9999999999882949257
4.80078125,0.9999999999887344474
4.8046875,0.9999999999891577897
4.80859375,0.9999999999895655357
4.8125,0.9999999999899582481
4.81640625,0.9999999999903364696
4.8203125,0.9999999999907007238
4.82421875,0.9999999999910515157
4.828125,0.9999999999913893327
4.83203125,0.9999999999917146446
4.8359375,0.9999999999920279049
4.83984375,0.9999999999923295508
4.84375,0.999999999992620004
4.84765625,0.9999999999928996714
4.8515625,0.9999999999931689452
4.85546875,0.9999999999934282037
4.859375,0.999999999993677812
4.86328125,0.9999999999939181217
4.8671875,0.9999999999941494724
4.87109375,0.9999999999943721912
4.875,0.9999999999945865935
4.87890625,0.9999999999947929837
4.8828125,0.9999999999949916552
4.88671875,0.9999999999951828906
4.890625,0.9999999999953669628
4.89453125,0.9999999999955441346
4.8984375,0.9999999999957146596
4.90234375,0.999999999995878782
4.90625,0.9999999999960367375
4.91015625,0.9999999999961887531
4.9140625,0.9999999999963350478
4.91796875,0.9999999999964758325
4.921875,0.9999999999966113106
4.92578125,0.9999999999967416782
4.9296875,0.9999999999968671242
4.93359375,0.9999999999969878308
4.9375,0.9999999999971039734
4.94140625,0.9999999999972157212
4.9453125,0.9999999999973232373
4.94921875,0.9999999999974266787
4.953125,0.9999999999975261967
4.95703125,0.9999999999976219374
4.9609375,0.9999999999977140412
4.96484375,0.9999999999978026437
4.96875,0.9999999999978878752
4.97265625,0.9999999999979698616
4.9765625,0.999999999998048724
4.98046875,0.9999999999981245791
4.984375,0.9999999999981975394
4.98828125,0.9999999999982677132
4.9921875,0.9999999999983352048
4.99609375,0.9999999999984001149
5.,0.9999999999984625402
