-10.,-4.1982778868581038579
-9.9921875,-4.1964040766581593913
-9.984375,-4.1945293567373140832
-9.9765625,-4.1926537260670415142
-9.96875,-4.1907771836169617533
-9.9609375,-4.1888997283548367509
-9.953125,-4.1870213592465657171
-9.9453125,-4.1851420752561804848
-9.9375,-4.1832618753458408589
-9.9296875,-4.1813807584758299496
-9.921875,-4.1794987236045494921
-9.9140625,-4.1776157696885151503
-9.90625,-4.1757318956823518059
-9.8984375,-4.1738471005387888329
-9.890625,-4.1719613832086553562
-9.8828125,-4.1700747426408754957
-9.875,-4.1681871777824635947
-9.8671875,-4.1662986875785194336
-9.859375,-4.1644092709722234278
-9.8515625,-4.1625189269048318101
-9.84375,-4.1606276543156717983
-9.8359375,-4.1587354521421367466
-9.828125,-4.1568423193196812817
-9.8203125,-4.1549482547818164235
-9.8125,-4.1530532574601046895
-9.8046875,-4.1511573262841551844
-9.796875,-4.1492604601816186725
-9.7890625,-4.1473626580781826358
-9.78125,-4.1454639188975663149
-9.7734375,-4.1435642415615157343
-9.765625,-4.1416636249897987122
-9.7578125,-4.1397620681001998531
-9.75,-4.137859569808515525
-9.7421875,-4.1359561290285488203
-9.734375,-4.1340517446721044998
-9.7265625,-4.132146415648983921
-9.71875,-4.1302401408669799492
-9.7109375,-4.1283329192318718533
-9.703125,-4.1264247496474201834
-9.6953125,-4.124515631015361633
-9.6875,-4.1226055622354038841
-9.6796875,-4.1206945422052204354
-9.671875,-4.1187825698204454136
-9.6640625,-4.1168696439746683681
-9.65625,-4.1149557635594290485
-9.6484375,-4.113040927464212165
-9.640625,-4.111125134576442132
-9.6328125,-4.1092083837814777938
-9.625,-4.1072906739626071342
-9.6171875,-4.1053720040010419674
-9.609375,-4.1034523727759126128
-9.6015625,-4.1015317791642625513
-9.59375,-4.0996102220410430647
-9.5859375,-4.0976877002791078576
-9.578125,-4.0957642127492076605
-9.5703125,-4.0938397583199848171
-9.5625,-4.0919143358579678517
-9.5546875,-4.0899879442275660203
-9.546875,-4.0880605822910638428
-9.5390625,-4.0861322489086156177
-9.53125,-4.0842029429382399185
-9.5234375,-4.0822726632358140717
-9.515625,-4.0803414086550686169
-9.5078125,-4.0784091780475817486
-9.5,-4.0764759702627737392
-9.4921875,-4.074541784147901344
-9.484375,-4.0726066185480521873
-9.4765625,-4.0706704723061391299
-9.46875,-4.0687333442628946185
-9.4609375,-4.0667952332568650151
-9.453125,-4.064856138124404909
-9.4453125,-4.0629160576996714089
-9.4375,-4.0609749908146184161
-9.4296875,-4.0590329362989908791
-9.421875,-4.0570898929803190286
-9.4140625,-4.0551458596839125933
-9.40625,-4.0532008352328549967
-9.3984375,-4.0512548184479975343
-9.390625,-4.0493078081479535312
-9.3828125,-4.0473598031490924803
-9.375,-4.045410802265534161
-9.3671875,-4.043460804309142738
-9.359375,-4.0415098080895208402
-9.3515625,-4.0395578124140036202
-9.34375,-4.0376048160876527932
-9.3359375,-4.0356508179132506566
-9.328125,-4.0336958166912940888
-9.3203125,-4.0317398112199885281
-9.3125,-4.0297828002952419315
-9.3046875,-4.0278247827106587129
-9.296875,-4.0258657572575336607
-9.2890625,-4.0239057227248458356
-9.28125,-4.0219446778992524464
-9.2734375,-4.019982621565082707
-9.265625,-4.0180195525043316707
-9.2578125,-4.0160554694966540449
-9.25,-4.0140903713193579844
-9.2421875,-4.0121242567473988639
-9.234375,-4.0101571245533730287
-9.2265625,-4.0081889735075115249
-9.21875,-4.0062198023776738083
-9.2109375,-4.0042496099293414311
-9.203125,-4.0022783949256117082
-9.1953125,-4.0003061561271913609
-9.1875,-3.9983328922923901399
-9.1796875,-3.9963586021771144257
-9.171875,-3.9943832845348608077
-9.1640625,-3.9924069381167096412
-9.15625,-3.9904295616713185823
-9.1484375,-3.9884511539449161007
-9.140625,-3.9864717136812949707
-9.1328125,-3.9844912396218057389
-9.125,-3.9825097305053501709
-9.1171875,-3.9805271850683746739
-9.109375,-3.9785436020448636985
-9.1015625,-3.9765589801663331161
-9.09375,-3.9745733181618235748
-9.0859375,-3.9725866147578938318
-9.078125,-3.9705988686786140629
-9.0703125,-3.9686100786455591491
-9.0625,-3.96662024337780194
-9.0546875,-3.964629361591906494
-9.046875,-3.9626374320019212947
-9.0390625,-3.9606444533193724447
-9.03125,-3.9586504242532568348
-9.0234375,-3.9566553435100352908
-9.015625,-3.954659209793625695
-9.0078125,-3.9526620218053960856
-9.,-3.9506637782441577305
-8.9921875,-3.9486644778061581782
-8.984375,-3.9466641191850742842
-8.9765625,-3.9446627010720052127
-8.96875,-3.9426602221554654148
-8.9609375,-3.9406566811213775815
-8.953125,-3.9386520766530655724
-8.9453125,-3.9366464074312473197
-8.9375,-3.9346396721340277077
-8.9296875,-3.9326318694368914267
-8.921875,-3.9306229980126958031
-8.9140625,-3.9286130565316636028
-8.90625,-3.9266020436613758111
-8.8984375,-3.9245899580667643859
-8.890625,-3.9225767984101049864
-8.8828125,-3.9205625633510096755
-8.875,-3.9185472515464195977
-8.8671875,-3.9165308616505976299
-8.859375,-3.9145133923151210073
-8.8515625,-3.9124948421888739229
-8.84375,-3.9104752099180401011
-8.8359375,-3.9084544941460953451
-8.828125,-3.9064326935138000579
-8.8203125,-3.9044098066591917369
-8.8125,-3.9023858322175774421
-8.8046875,-3.9003607688215262374
-8.796875,-3.8983346151008616055
-8.7890625,-3.8963073696826538357
-8.78125,-3.8942790311912123846
-8.7734375,-3.8922495982480782097
-8.765625,-3.8902190694720160763
-8.7578125,-3.8881874434790068364
-8.75,-3.8861547188822396806
-8.7421875,-3.8841208942921043616
-8.734375,-3.8820859683161833916
-8.7265625,-3.8800499395592442099
-8.71875,-3.8780128066232313244
-8.7109375,-3.8759745681072584234
-8.703125,-3.8739352226076004607
-8.6953125,-3.8718947687176857111
-8.6875,-3.8698532050280877987
-8.6796875,-3.8678105301265176951
-8.671875,-3.8657667425978156908
-8.6640625,-3.8637218410239433362
-8.65625,-3.8616758239839753544
-8.6484375,-3.8596286900540915249
-8.640625,-3.8575804378075685378
-8.6328125,-3.8555310658147718195
-8.625,-3.8534805726431473276
-8.6171875,-3.8514289568572133174
-8.609375,-3.8493762170185520785
-8.6015625,-3.847322351685801641
-8.59375,-3.8452673594146474521
-8.5859375,-3.8432112387578140229
-8.578125,-3.8411539882650565444
-8.5703125,-3.8390956064831524734
-8.5625,-3.8370360919558930883
-8.5546875,-3.8349754432240750133
-8.546875,-3.8329136588254917128
-8.5390625,-3.8308507372949249543
-8.53125,-3.8287866771641362405
-8.5234375,-3.8267214769618582106
-8.515625,-3.8246551352137860089
-8.5078125,-3.822587650442568624
-8.5,-3.8205190211678001945
-8.4921875,-3.8184492459060112842
-8.484375,-3.8163783231706601248
-8.4765625,-3.814306251472123827
-8.46875,-3.8122330293176895588
-8.4609375,-3.8101586552115456923
-8.453125,-3.8080831276547729176
-8.4453125,-3.8060064451453353238
-8.4375,-3.8039286061780714481
-8.4296875,-3.8018496092446852913
-8.421875,-3.7997694528337373002
-8.4140625,-3.7976881354306353176
-8.40625,-3.7956056555176254983
-8.3984375,-3.7935220115737831916
-8.390625,-3.7914372020750037905
-8.3828125,-3.7893512254939935469
-8.375,-3.7872640803002603532
-8.3671875,-3.7851757649601044889
-8.359375,-3.7830862779366093344
-8.3515625,-3.780995617689632049
-8.34375,-3.778903782675794215
-8.3359375,-3.7768107713484724474
-8.328125,-3.7747165821577889679
-8.3203125,-3.7726212135506021447
-8.3125,-3.7705246639704969965
-8.3046875,-3.7684269318577756614
-8.296875,-3.7663280156494478306
-8.2890625,-3.7642279137792211457
-8.28125,-3.762126624677491561
-8.2734375,-3.760024146771333669
-8.265625,-3.7579204784844909907
-8.2578125,-3.7558156182373662284
-8.25,-3.7537095644470114831
-8.2421875,-3.7516023155271184348
-8.234375,-3.7494938698880084856
-8.2265625,-3.7473842259366228665
-8.21875,-3.7452733820765127068
-8.2109375,-3.7431613367078290656
-8.203125,-3.741048088227312927
-8.1953125,-3.7389336350282851563
-8.1875,-3.7368179755006364195
-8.1796875,-3.7347011080308170638
-8.171875,-3.7325830310018269607
-8.1640625,-3.7304637427932053102
-8.15625,-3.7283432417810204067
-8.1484375,-3.7262215263378593663
-8.140625,-3.7240985948328178148
-8.1328125,-3.7219744456314895368
-8.125,-3.7198490770959560858
-8.1171875,-3.7177224875847763545
-8.109375,-3.7155946754529761057
-8.1015625,-3.713465639052037463
-8.09375,-3.7113353767298883622
-8.0859375,-3.7092038868308919618
-8.078125,-3.7070711676958360136
-8.0703125,-3.7049372176619221925
-8.0625,-3.7028020350627553856
-8.0546875,-3.7006656182283329406
-8.046875,-3.6985279654850338726
-8.0390625,-3.6963890751556080301
-8.03125,-3.6942489455591652189
-8.0234375,-3.6921075750111642853
-8.015625,-3.6899649618234021558
-8.0078125,-3.6878211043040028365
-8.,-3.6856760007574063688
-7.9921875,-3.6835296494843577433
-7.984375,-3.681382048781895771
-7.9765625,-3.6792331969433419114
-7.96875,-3.6770830922582890572
-7.9609375,-3.6749317330125902766
-7.953125,-3.6727791174883475114
-7.9453125,-3.6706252439639002314
-7.9375,-3.6684701107138140452
-7.9296875,-3.6663137160088692665
-7.921875,-3.6641560581160494368
-7.9140625,-3.6619971352985298024
-7.90625,-3.6598369458156657478
-7.8984375,-3.6576754879229811835
-7.890625,-3.6555127598721568887
-7.8828125,-3.6533487599110188086
-7.875,-3.6511834862835263066
-7.8671875,-3.6490169372297603697
-7.859375,-3.6468491109859117687
-7.8515625,-3.6446800057842691718
-7.84375,-3.6425096198532072118
-7.8359375,-3.6403379514171745067
-7.828125,-3.6381649986966816327
-7.8203125,-3.6359907599082890514
-7.8125,-3.633815233264594988
-7.8046875,-3.6316384169742232634
-7.796875,-3.6294603092418110773
-7.7890625,-3.627280908267996744
-7.78125,-3.6251002122494073795
-7.7734375,-3.6229182193786465402
-7.765625,-3.620734927844281813
-7.7578125,-3.6185503358308323559
-7.75,-3.6163644415187563903
-7.7421875,-3.6141772430844386429
-7.734375,-3.6119887387001777381
-7.7265625,-3.6097989265341735411
-7.71875,-3.6076078047505144498
-7.7109375,-3.6054153715091646375
-7.703125,-3.6032216249659512435
-7.6953125,-3.6010265632725515139
-7.6875,-3.598830184576479891
-7.6796875,-3.5966324870210750507
-7.671875,-3.5944334687454868891
-7.6640625,-3.5922331278846634566
-7.65625,-3.59003146256933784
-7.6484375,-3.587828470926014992
-7.640625,-3.5856241510769585087
-7.6328125,-3.583418501140177353
-7.625,-3.5812115192294125262
-7.6171875,-3.5790032034541236847
-7.609375,-3.5767935519194757042
-7.6015625,-3.5745825627263251893
-7.59375,-3.572370233971206929
-7.5859375,-3.5701565637463202976
-7.578125,-3.5679415501395156009
-7.5703125,-3.5657251912342803674
-7.5625,-3.5635074851097255843
-7.5546875,-3.5612884298405718774
-7.546875,-3.5590680234971356358
-7.5390625,-3.55684626414531508
-7.53125,-3.5546231498465762738
-7.5234375,-3.5523986786579390793
-7.515625,-3.5501728486319630554
-7.5078125,-3.5479456578167332981
-7.5,-3.5457171042558462246
-7.4921875,-3.5434871859883952982
-7.484375,-3.5412559010489566962
-7.4765625,-3.5390232474675749186
-7.46875,-3.5367892232697483385
-7.4609375,-3.5345538264764146937
-7.453125,-3.5323170551039365182
-7.4453125,-3.5300789071640865154
-7.4375,-3.52783938066403287
-7.4296875,-3.5255984736063245012
-7.421875,-3.5233561839888762539
-7.4140625,-3.5211125098049540305
-7.40625,-3.5188674490431598606
-7.3984375,-3.5166209996874169099
-7.390625,-3.5143731597169544275
-7.3828125,-3.5121239271062926305
-7.375,-3.5098732998252275268
-7.3671875,-3.5076212758388156754
-7.359375,-3.5053678531073588834
-7.3515625,-3.5031130295863888399
-7.34375,-3.5008568032266516863
-7.3359375,-3.4985991719740925227
-7.328125,-3.49634013376983985
-7.3203125,-3.4940796865501899477
-7.3125,-3.4918178282465911863
-7.3046875,-3.4895545567856282752
-7.296875,-3.4872898700890064447
-7.2890625,-3.4850237660735355616
-7.28125,-3.4827562426511141797
-7.2734375,-3.4804872977287135231
-7.265625,-3.4782169292083614022
-7.2578125,-3.4759451349871260636
-7.25,-3.4736719129570999716
-7.2421875,-3.4713972610053835216
-7.234375,-3.4691211770140686862
-7.2265625,-3.4668436588602225919
-7.21875,-3.4645647044158710271
-7.2109375,-3.4622843115479818806
-7.203125,-3.4600024781184485107
-7.1953125,-3.4577192019840730445
-7.1875,-3.4554344809965496059
-7.1796875,-3.4531483130024474737
-7.171875,-3.4508606958431941685
-7.1640625,-3.4485716273550584677
-7.15625,-3.446281105369133349
-7.1484375,-3.4439891277113188615
-7.140625,-3.4416956922023049245
-7.1328125,-3.4394007966575540528
-7.125,-3.4371044388872840092
-7.1171875,-3.4348066166964503829
-7.109375,-3.4325073278847290943
-7.1015625,-3.4302065702464988243
-7.09375,-3.4279043415708233701
-7.0859375,-3.4256006396414339245
-7.078125,-3.42329546223671128
-7.0703125,-3.4209888071296679574
-7.0625,-3.4186806720879302567
-7.0546875,-3.4163710548737202327
-7.046875,-3.4140599532438375916
-7.0390625,-3.4117473649496415117
-7.03125,-3.4094332877370323847
-7.0234375,-3.407117719346433479
-7.015625,-3.4048006575127725245
-7.0078125,-3.4024820999654632174
-7.,-3.4001620444283866457
-6.9921875,-3.3978404886198726345
-6.984375,-3.3955174302526810107
-6.9765625,-3.3931928670339827868
-6.96875,-3.3908667966653412631
-6.9609375,-3.3885392168426930481
-6.953125,-3.386210125256328997
-6.9453125,-3.383879519590875067
-6.9375,-3.3815473975252730896
-6.9296875,-3.3792137567327614592
-6.921875,-3.3768785948808557384
-6.9140625,-3.3745419096313291775
-6.90625,-3.3722036986401931503
-6.8984375,-3.3698639595576775038
-6.890625,-3.3675226900282108225
-6.8828125,-3.3651798876904006059
-6.875,-3.3628355501770133597
-6.8671875,-3.3604896751149545996
-6.859375,-3.3581422601252487674
-6.8515625,-3.355793302823019059
-6.84375,-3.3534428008174671638
-6.8359375,-3.3510907517118529148
-6.828125,-3.3487371531034738493
-6.8203125,-3.3463820025836446797
-6.8125,-3.3440252977376766732
-6.8046875,-3.3416670361448569411
-6.796875,-3.339307215378427636
-6.7890625,-3.3369458330055650577
-6.78125,-3.3345828865873586655
-6.7734375,-3.3322183736787899988
-6.765625,-3.3298522918287115032
-6.7578125,-3.3274846385798252627
-6.75,-3.3251154114686616377
-6.7421875,-3.3227446080255578079
-6.734375,-3.3203722257746362193
-6.7265625,-3.3179982622337829356
-6.71875,-3.3156227149146258923
-6.7109375,-3.3132455813225130544
-6.703125,-3.310866858956490476
-6.6953125,-3.308486545309280262
-6.6875,-3.3061046378672584304
-6.6796875,-3.3037211341104326762
-6.671875,-3.301336031512420035
-6.6640625,-3.298949327540424446
-6.65625,-3.296561019655214215
-6.6484375,-3.2941711053110993745
-6.640625,-3.2917795819559089431
-6.6328125,-3.2893864470309680817
-6.625,-3.2869916979710751465
-6.6171875,-3.2845953322044786385
-6.609375,-3.2821973471528540483
-6.6015625,-3.2797977402312805966
-6.59375,-3.277396508848217869
-6.5859375,-3.2749936504054823442
-6.578125,-3.2725891622982238167
-6.5703125,-3.2701830419149017112
-6.5625,-3.2677752866372612897
-6.5546875,-3.2653658938403097504
-6.546875,-3.2629548608922922169
-6.5390625,-3.2605421851546676183
-6.53125,-3.2581278639820844591
-6.5234375,-3.2557118947223564777
-6.515625,-3.253294274716438194
-6.5078125,-3.250875001298400345
-6.5,-3.2484540717954052066
-6.4921875,-3.2460314835276818036
-6.484375,-3.2436072338085010043
-6.4765625,-3.2411813199441505015
-6.46875,-3.2387537392339096776
-6.4609375,-3.236324488970024354
-6.453125,-3.2338935664376814239
-6.4453125,-3.2314609689149833677
-6.4375,-3.229026693672922651
-6.4296875,-3.2265907379753560033
-6.421875,-3.2241530990789785782
-6.4140625,-3.2217137742332979929
-6.40625,-3.2192727606806082481
-6.3984375,-3.2168300556559635254
-6.390625,-3.214385656387151864
-6.3828125,-3.2119395600946687138
-6.375,-3.2094917639916903654
-6.3671875,-3.2070422652840472566
-6.359375,-3.204591061170197153
-6.3515625,-3.2021381488411982043
-6.34375,-3.1996835254806818736
-6.3359375,-3.19722718826482574
-6.328125,-3.1947691343623261739
-6.3203125,-3.1923093609343708833
-6.3125,-3.1898478651346113315
-6.3046875,-3.1873846441091350246
-6.296875,-3.1849196949964376688
-6.2890625,-3.1824530149273951957
-6.28125,-3.1799846010252356563
-6.2734375,-3.1775144504055109815
-6.265625,-3.1750425601760686088
-6.2578125,-3.1725689274370229758
-6.25,-3.1700935492807268767
-6.2421875,-3.1676164227917426843
-6.234375,-3.1651375450468134348
-6.2265625,-3.1626569131148337744
-6.21875,-3.1601745240568207686
-6.2109375,-3.1576903749258845716
-6.203125,-3.1552044627671989558
-6.1953125,-3.152716784617971701
-6.1875,-3.1502273375074148411
-6.1796875,-3.1477361184567147696
-6.171875,-3.1452431244790022003
-6.1640625,-3.1427483525793219855
-6.15625,-3.1402517997546027878
-6.1484375,-3.137753462993626607
-6.140625,-3.1352533392769981601
-6.1328125,-3.1327514255771141137
-6.125,-3.1302477188581321679
-6.1171875,-3.1277422160759399914
-6.109375,-3.1252349141781240056
-6.1015625,-3.1227258101039380189
-6.09375,-3.1202149007842717074
-6.0859375,-3.1177021831416189446
-6.078125,-3.1151876540900459761
-6.0703125,-3.1126713105351594399
-6.0625,-3.1101531493740742314
-6.0546875,-3.1076331674953812119
-6.046875,-3.1051113617791147592
-6.0390625,-3.1025877290967201607
-6.03125,-3.1000622663110208461
-6.0234375,-3.0975349702761854609
-6.015625,-3.0950058378376947779
-6.0078125,-3.0924748658323084468
-6.,-3.0899420510880315813
-5.9921875,-3.0874073904240811804
-5.984375,-3.0848708806508523867
-5.9765625,-3.0823325185698845767
-5.96875,-3.0797923009738272853
-5.9609375,-3.0772502246464059617
-5.953125,-3.074706286362387556
-5.9453125,-3.0721604828875459359
-5.9375,-3.0696128109786271322
-5.9296875,-3.0670632673833144121
-5.921875,-3.0645118488401931794
-5.9140625,-3.0619585520787156995
-5.90625,-3.0594033738191656508
-5.8984375,-3.0568463107726224976
-5.890625,-3.0542873596409256873
-5.8828125,-3.0517265171166386678
-5.875,-3.0491637798830127258
-5.8671875,-3.0465991446139506444
-5.859375,-3.0440326079739701783
-5.8515625,-3.0414641666181673465
-5.84375,-3.038893817192179541
-5.8359375,-3.0363215563321484498
-5.828125,-3.0337473806646827936
-5.8203125,-3.0311712868068208756
-5.8125,-3.0285932713659929418
-5.8046875,-3.0260133309399833521
-5.796875,-3.0234314621168925599
-5.7890625,-3.0208476614750989003
-5.78125,-3.0182619255832201838
-5.7734375,-3.0156742510000750965
-5.765625,-3.0130846342746444038
-5.7578125,-3.010493071946031958
-5.75,-3.0078995605434255064
-5.7421875,-3.0053040965860573012
-5.734375,-3.0027066765831645079
-5.7265625,-3.0001072970339494125
-5.71875,-2.9975059544275394249
-5.7109375,-2.9949026452429468779
-5.703125,-2.992297365949028621
-5.6953125,-2.9896901130044454069
-5.6875,-2.9870808828576210691
-5.6796875,-2.984469671946701491
-5.671875,-2.9818564766995133632
-5.6640625,-2.979241293533522729
-5.65625,-2.976624118855793316
-5.6484375,-2.9740049490629446531
-5.640625,-2.9713837805411099708
-5.6328125,-2.9687606096658938843
-5.625,-2.9661354328023298571
-5.6171875,-2.9635082463048374446
-5.609375,-2.9608790465171793157
-5.6015625,-2.9582478297724180513
-5.59375,-2.9556145923928727175
-5.5859375,-2.9529793306900752141
-5.578125,-2.950342040964726394
-5.5703125,-2.9477027195066519552
-5.5625,-2.9450613625947581008
-5.5546875,-2.9424179664969869684
-5.546875,-2.9397725274702718259
-5.5390625,-2.9371250417604920316
-5.53125,-2.9344755056024277588
-5.5234375,-2.9318239152197144823
-5.515625,-2.9291702668247972254
-5.5078125,-2.9265145566188845661
-5.5,-2.9238567807919024003
-5.4921875,-2.9211969355224474617
-5.484375,-2.9185350169777405956
-5.4765625,-2.9158710213135797854
-5.46875,-2.9132049446742929306
-5.4609375,-2.9105367831926903738
-5.453125,-2.9078665329900171766
-5.4453125,-2.9051941901759051409
-5.4375,-2.9025197508483245751
-5.4296875,-2.8998432110935358034
-5.421875,-2.8971645669860404165
-5.4140625,-2.8944838145885322618
-5.40625,-2.8918009499518481714
-5.3984375,-2.8891159691149184265
-5.390625,-2.8864288681047169564
-5.3828125,-2.8837396429362112697
-5.375,-2.8810482896123121175
-5.3671875,-2.8783548041238228845
-5.359375,-2.8756591824493887088
-5.3515625,-2.8729614205554453266
-5.34375,-2.8702615143961676409
-5.3359375,-2.8675594599134180125
-5.328125,-2.8648552530366942707
-5.3203125,-2.8621488896830774427
-5.3125,-2.8594403657571791994
-5.3046875,-2.8567296771510890156
-5.296875,-2.8540168197443210433
-5.2890625,-2.8513017894037606952
-5.28125,-2.8485845819836109376
-5.2734375,-2.8458651933253382897
-5.265625,-2.8431436192576185287
-5.2578125,-2.8404198555962820965
-5.25,-2.8376938981442592091
-5.2421875,-2.8349657426915246633
-5.234375,-2.8322353850150423419
-5.2265625,-2.8295028208787094128
-5.21875,-2.8267680460333002211
-5.2109375,-2.824031056216409873
-5.203125,-2.8212918471523975069
-5.1953125,-2.8185504145523292525
-5.1875,-2.8158067541139208736
-5.1796875,-2.8130608615214800937
-5.171875,-2.8103127324458486018
-5.1640625,-2.8075623625443437358
-5.15625,-2.8048097474606998427
-5.1484375,-2.8020548828250093117
-5.140625,-2.7992977642536632789
-5.1328125,-2.7965383873492920017
-5.125,-2.7937767477007048993
-5.1171875,-2.7910128408828302592
-5.109375,-2.7882466624566546046
-5.1015625,-2.7854782079691617228
-5.09375,-2.7827074729532713515
-5.0859375,-2.7799344529277775198
-5.078125,-2.7771591433972865428
-5.0703125,-2.7743815398521546665
-5.0625,-2.7716016377684253615
-5.0546875,-2.7688194326077662617
-5.046875,-2.7660349198174057471
-5.0390625,-2.7632480948300691671
-5.03125,-2.7604589530639147023
-5.0234375,-2.7576674899224688623
-5.015625,-2.754873700794561617
-5.0078125,-2.7520775810542611582
-5.,-2.74927912606080829
-4.9921875,-2.746478331158550445
-4.984375,-2.7436751916768753226
-4.9765625,-2.7408697029301441491
-4.96875,-2.7380618602176245543
-4.9609375,-2.735251658823423064
-4.953125,-2.7324390940164172049
-4.9453125,-2.7296241610501872183
-4.9375,-2.7268068551629473819
-4.9296875,-2.7239871715774769349
-4.921875,-2.721165105501050605
-4.9140625,-2.7183406521253687334
-4.90625,-2.7155138066264869964
-4.8984375,-2.7126845641647457185
-4.890625,-2.7098529198846987772
-4.8828125,-2.707018868915042093
-4.875,-2.7041824063685417051
-4.8671875,-2.7013435273419614275
-4.859375,-2.6985022269159900833
-4.8515625,-2.6956585001551683143
-4.84375,-2.6928123421078149625
-4.8359375,-2.6899637478059530215
-4.828125,-2.6871127122652351528
-4.8203125,-2.6842592304848687655
-4.8125,-2.6814032974475406559
-4.8046875,-2.6785449081193412036
-4.796875,-2.6756840574496881205
-4.7890625,-2.6728207403712497508
-4.78125,-2.669954951799867917
-4.7734375,-2.6670866866344803107
-4.765625,-2.6642159397570424223
-4.7578125,-2.6613427060324490091
-4.75,-2.6584669803084550961
-4.7421875,-2.6555887574155965075
-4.734375,-2.6527080321671099252
-4.7265625,-2.64982479935885247
-4.71875,-2.6469390537692208034
-4.7109375,-2.6440507901590697459
-4.703125,-2.6411600032716304073
-4.6953125,-2.6382666878324278275
-4.6875,-2.6353708385491981219
-4.6796875,-2.6324724501118051299
-4.671875,-2.629571517192156561
-4.6640625,-2.6266680344441196359
-4.65625,-2.623761996503436219
-4.6484375,-2.6208533979876374376
-4.640625,-2.6179422334959577849
-4.6328125,-2.6150284976092487024
-4.625,-2.6121121848898916381
-4.6171875,-2.6091932898817105771
-4.609375,-2.6062718071098840393
-4.6015625,-2.6033477310808565417
-4.59375,-2.6004210562822495207
-4.5859375,-2.5974917771827717098
-4.578125,-2.5945598882321289703
-4.5703125,-2.5916253838609335685
-4.5625,-2.5886882584806128974
-4.5546875,-2.5857485064833176381
-4.546875,-2.5828061222418293555
-4.5390625,-2.579861100109467526
-4.53125,-2.5769134344199959914
-4.5234375,-2.5739631194875288354
-4.515625,-2.5710101496064356784
-4.5078125,-2.5680545190512463852
-4.5,-2.5650962220765551831
-4.4921875,-2.5621352529169241833
-4.484375,-2.5591716057867863037
-4.4765625,-2.5562052748803475868
-4.46875,-2.5532362543714889086
-4.4609375,-2.5502645384136670743
-4.453125,-2.5472901211398152949
-4.4453125,-2.5443129966622430419
-4.4375,-2.5413331590725352731
-4.4296875,-2.5383506024414510264
-4.421875,-2.5353653208188213761
-4.4140625,-2.5323773082334467467
-4.40625,-2.529386558692993579
-4.3984375,-2.5263930661838903447
-4.390625,-2.5233968246712229029
-4.3828125,-2.5203978280986291946
-4.375,-2.517396070388193269
-4.3671875,-2.5143915454403386379
-4.359375,-2.5113842471337209515
-4.3515625,-2.508374169325119991
-4.34375,-2.5053613058493309726
-4.3359375,-2.5023456505190551579
-4.328125,-2.4993271971247897642
-4.3203125,-2.4963059394347171709
-4.3125,-2.4932818711945934144
-4.3046875,-2.4902549861276359675
-4.296875,-2.4872252779344107981
-4.2890625,-2.4841927402927186988
-4.28125,-2.4811573668574808851
-4.2734375,-2.4781191512606238541
-4.265625,-2.4750780871109634983
-4.2578125,-2.4720341679940884698
-4.25,-2.468987387472242787
-4.2421875,-2.4659377390842076791
-4.234375,-2.462885216345182663
-4.2265625,-2.4598298127466658437
-4.21875,-2.4567715217563334356
-4.2109375,-2.4537103368179184957
-4.203125,-2.4506462513510888637
-4.1953125,-2.4475792587513243023
-4.1875,-2.4445093523897928316
-4.1796875,-2.4414365256132262508
-4.171875,-2.4383607717437948399
-4.1640625,-2.4352820840789812373
-4.15625,-2.4322004558914534834
-4.1484375,-2.4291158804289372259
-4.140625,-2.4260283509140870788
-4.1328125,-2.4229378605443571288
-4.125,-2.4198444024918705819
-4.1171875,-2.4167479699032885431
-4.109375,-2.413648555899677923
-4.1015625,-2.4105461535763784622
-4.09375,-2.4074407560028688692
-4.0859375,-2.4043323562226320619
-4.078125,-2.4012209472530195063
-4.0703125,-2.3981065220851146464
-4.0625,-2.3949890736835954146
-4.0546875,-2.3918685949865958189
-4.046875,-2.3887450789055665961
-4.0390625,-2.3856185183251349247
-4.03125,-2.3824889061029631907
-4.0234375,-2.3793562350696067957
-4.015625,-2.3762204980283710022
-4.0078125,-2.3730816877551668066
-4.,-2.369939796998365832
-3.9921875,-2.366794818478654233
-3.984375,-2.3636467448888856037
-3.9765625,-2.3604955688939328816
-3.96875,-2.3573412831305392372
-3.9609375,-2.3541838802071679433
-3.953125,-2.3510233527038512126
-3.9453125,-2.3478596931720379978
-3.9375,-2.3446928941344407427
-3.9296875,-2.341522948084881078
-3.921875,-2.3383498474881344509
-3.9140625,-2.3351735847797736805
-3.90625,-2.3319941523660114298
-3.8984375,-2.328811542623541585
-3.890625,-2.3256257478993795326
-3.8828125,-2.3224367605107013252
-3.875,-2.3192445727446817269
-3.8671875,-2.3160491768583311274
-3.859375,-2.3128505650783313167
-3.8515625,-2.3096487296008701101
-3.84375,-2.3064436625914748127
-3.8359375,-2.3032353561848445155
-3.828125,-2.3000238024846812101
-3.8203125,-2.2968089935635197154
-3.8125,-2.2935909214625564025
-3.8046875,-2.2903695781914767101
-3.796875,-2.2871449557282814388
-3.7890625,-2.2839170460191118131
-3.78125,-2.280685840978073302
-3.7734375,-2.2774513324870581859
-3.765625,-2.2742135123955668599
-3.7578125,-2.2709723725205278618
-3.75,-2.2677279046461166137
-3.7421875,-2.2644801005235728667
-3.734375,-2.2612289518710168367
-3.7265625,-2.2579744503732640191
-3.71875,-2.2547165876816386726
-3.7109375,-2.2514553554137859588
-3.703125,-2.2481907451534827261
-3.6953125,-2.2449227484504469266
-3.6875,-2.241651356820145653
-3.6796875,-2.2383765617436017836
-3.671875,-2.2350983546671992237
-3.6640625,-2.231816727002486729
-3.65625,-2.2285316701259803014
-3.6484375,-2.2252431753789641411
-3.640625,-2.2219512340672901445
-3.6328125,-2.218655837461175934
-3.625,-2.2153569767950014069
-3.6171875,-2.2120546432671037888
-3.609375,-2.20874882803957118
-3.6015625,-2.2054395222380345801
-3.59375,-2.2021267169514583773
-3.5859375,-2.1988104032319292881
-3.578125,-2.1954905720944437344
-3.5703125,-2.1921672145166936431
-3.5625,-2.1888403214388506534
-3.5546875,-2.1855098837633487187
-3.546875,-2.1821758923546650867
-3.5390625,-2.1788383380390996447
-3.53125,-2.1754972116045526138
-3.5234375,-2.172152503800300577
-3.515625,-2.1688042053367708267
-3.5078125,-2.1654523068853140156
-3.5,-2.1620967990779750951
-3.4921875,-2.1587376725072625261
-3.484375,-2.1553749177259157454
-3.4765625,-2.1520085252466708725
-3.46875,-2.1486384855420246392
-3.4609375,-2.1452647890439965274
-3.453125,-2.141887426143889096
-3.4453125,-2.1385063871920464822
-3.4375,-2.1351216624976110589
-3.4296875,-2.1317332423282782311
-3.421875,-2.1283411169100493544
-3.4140625,-2.1249452764269827574
-3.40625,-2.1215457110209428504
-3.3984375,-2.1181424107913473024
-3.390625,-2.1147353657949122679
-3.3828125,-2.111324566045395646
-3.375,-2.107910001513338351
-3.3671875,-2.104491662125803579
-3.359375,-2.1010695377661140478
-3.3515625,-2.0976436182735871935
-3.34375,-2.0942138934432683034
-3.3359375,-2.0907803530256615648
-3.328125,-2.087342986726459011
-3.3203125,-2.0839017842062673434
-3.3125,-2.0804567350803326099
-3.3046875,-2.0770078289182627187
-3.296875,-2.0735550552437477661
-3.2890625,-2.0700984035342781587
-3.28125,-2.0666378632208605069
-3.2734375,-2.0631734236877312694
-3.265625,-2.0597050742720681262
-3.2578125,-2.0562328042636990583
-3.25,-2.0527566029048091113
-3.2421875,-2.0492764593896448217
-3.234375,-2.0457923628642162804
-3.2265625,-2.0423043024259968134
-3.21875,-2.0388122671236202542
-3.2109375,-2.0353162459565757841
-3.203125,-2.0318162278749003187
-3.1953125,-2.0283122017788684135
-3.1875,-2.0248041565186796662
-3.1796875,-2.0212920808941435898
-3.171875,-2.0177759636543619321
-3.1640625,-2.0142557934974084154
-3.15625,-2.0107315590700058719
-3.1484375,-2.0072032489672007476
-3.140625,-2.003670851732034949
-3.1328125,-2.0001343558552150064
-3.125,-1.9965937497747785256
-3.1171875,-1.9930490218757579028
-3.109375,-1.9895001604898412724
-3.1015625,-1.9859471538950306631
-3.09375,-1.9823899903152973306
-3.0859375,-1.9788286579202342414
-3.078125,-1.9752631448247056769
-3.0703125,-1.9716934390884939287
-3.0625,-1.9681195287159430568
-3.0546875,-1.9645414016555996794
-3.046875,-1.9609590457998507641
-3.0390625,-1.9573724489845583904
-3.03125,-1.9537815989886914524
-3.0234375,-1.9501864835339542699
-3.015625,-1.9465870902844120756
-3.0078125,-1.9429834068461133475
-3.,-1.9393754207667089531
-2.9921875,-1.9357631195350680717
-2.984375,-1.9321464905808908633
-2.9765625,-1.928525521274317848
-2.96875,-1.9249001989255359636
-2.9609375,-1.9212705107843812653
-2.953125,-1.9176364440399382334
-2.9453125,-1.913997985820135653
-2.9375,-1.9103551231913390296
-2.9296875,-1.9067078431579395045
-2.921875,-1.9030561326619392331
-2.9140625,-1.8993999785825331887
-2.90625,-1.8957393677356873537
-2.8984375,-1.8920742868737132604
-2.890625,-1.8884047226848388423
-2.8828125,-1.8847306617927755571
-2.875,-1.881052090756281741
-2.8671875,-1.8773689960687221544
-2.859375,-1.8736813641576236785
-2.8515625,-1.8699891813842271211
-2.84375,-1.86629243404303509
-2.8359375,-1.8625911083613558914
-2.828125,-1.8588851904988434113
-2.8203125,-1.8551746665470329353
-2.8125,-1.8514595225288728632
-2.8046875,-1.8477397443982522751
-2.796875,-1.8440153180395243011
-2.7890625,-1.8402862292670252525
-2.78125,-1.8365524638245894648
-2.7734375,-1.8328140073850598079
-2.765625,-1.8290708455497938152
-2.7578125,-1.8253229638481653835
-2.75,-1.8215703477370619946
-2.7421875,-1.81781298260037741
-2.734375,-1.8140508537484997884
-2.7265625,-1.8102839464177951746
-2.71875,-1.8065122457700863099
-2.7109375,-1.8027357368921267103
-2.703125,-1.798954404795069961
-2.6953125,-1.7951682344139341736
-2.6875,-1.7913772106070615512
-2.6796875,-1.7875813181555730078
-2.671875,-1.7837805417628177846
-2.6640625,-1.7799748660538180092
-2.65625,-1.7761642755747081387
-2.6484375,-1.7723487547921692295
-2.640625,-1.7685282880928579762
-2.6328125,-1.7647028597828304584
-2.625,-1.7608724540869605365
-2.6171875,-1.7570370551483528352
-2.609375,-1.7531966470277502532
-2.6015625,-1.7493512137029359351
-2.59375,-1.7455007390681296441
-2.5859375,-1.741645206933378469
-2.578125,-1.7377846010239418021
-2.5703125,-1.7339189049796705204
-2.5625,-1.7300481023543803037
-2.5546875,-1.726172176615219022
-2.546875,-1.7222911111420281222
-2.5390625,-1.7184048892266979453
-2.53125,-1.714513494072516903
-2.5234375,-1.7106169087935144413
-2.515625,-1.7067151164137977189
-2.5078125,-1.7028080998668819267
-2.5,-1.698895841995014173
-2.4921875,-1.6949783255484908591
-2.484375,-1.6910555331849684672
-2.4765625,-1.6871274474687676847
-2.46875,-1.6831940508701707833
-2.4609375,-1.6792553257647121744
-2.453125,-1.6753112544324620588
-2.4453125,-1.6713618190573030878
-2.4375,-1.6674070017261999531
-2.4296875,-1.6634467844284618188
-2.421875,-1.6594811490549975119
-2.4140625,-1.6555100773975633809
-2.40625,-1.6515335511480037372
-2.3984375,-1.6475515518974837862
-2.390625,-1.64356406113571496
-2.3828125,-1.6395710602501725563
-2.375,-1.6355725305253055927
-2.3671875,-1.6315684531417387782
-2.359375,-1.6275588091754665078
-2.3515625,-1.6235435795970387811
-2.34375,-1.6195227452707389456
-2.3359375,-1.6154962869537531638
-2.328125,-1.6114641852953315025
-2.3203125,-1.6074264208359405395
-2.3125,-1.6033829740064073829
-2.3046875,-1.5993338251270549965
-2.296875,-1.5952789544068287217
-2.2890625,-1.5912183419424138868
-2.28125,-1.5871519677173443917
-2.2734375,-1.583079811601102155
-2.265625,-1.5790018533482073069
-2.2578125,-1.5749180725972990133
-2.25,-1.5708284488702068115
-2.2421875,-1.5667329615710123361
-2.234375,-1.5626315899851013154
-2.2265625,-1.5585243132782057119
-2.21875,-1.5544111104954358828
-2.2109375,-1.5502919605603026317
-2.203125,-1.5461668422737290221
-2.1953125,-1.5420357343130518215
-2.1875,-1.537898615231012441
-2.1796875,-1.5337554634547372367
-2.171875,-1.5296062572847070333
-2.1640625,-1.5254509748937157307
-2.15625,-1.5212895943258178516
-2.1484375,-1.5171220934952648854
-2.140625,-1.5129484501854302824
-2.1328125,-1.5087686420477229481
-2.125,-1.5045826466004890893
-2.1171875,-1.5003904412279022547
-2.109375,-1.4961920031788414174
-2.1015625,-1.4919873095657569392
-2.09375,-1.4877763373635242561
-2.0859375,-1.4835590634082851222
-2.078125,-1.479335464396276245
-2.0703125,-1.4751055168826451447
-2.0625,-1.4708691972802530656
-2.0546875,-1.4666264818584647651
-2.046875,-1.4623773467419250048
-2.0390625,-1.4581217679093215629
-2.03125,-1.4538597211921345856
-2.0234375,-1.4495911822733720932
-2.015625,-1.4453161266862914506
-2.0078125,-1.4410345298131066122
-2.,-1.4367463668836809464
-1.9921875,-1.4324516129742054409
-1.984375,-1.4281502430058620896
-1.9765625,-1.423842231743472255
-1.96875,-1.4195275537941298
-1.9609375,-1.4152061836058187772
-1.953125,-1.4108780954660154616
-1.9453125,-1.4065432635002745085
-1.9375,-1.4022016616707990154
-1.9296875,-1.3978532637749942618
-1.921875,-1.3934980434440048982
-1.9140625,-1.3891359741412353527
-1.90625,-1.3847670291608532155
-1.8984375,-1.3803911816262753638
-1.890625,-1.37600840448863658
-1.8828125,-1.3716186705252404153
-1.875,-1.3672219523379920457
-1.8671875,-1.3628182223518128624
-1.859375,-1.3584074528130365349
-1.8515625,-1.3539896157877862811
-1.84375,-1.3495646831603330732
-1.8359375,-1.3451326266314345037
-1.828125,-1.3406934177166540318
-1.8203125,-1.3362470277446603255
-1.8125,-1.3317934278555064078
-1.8046875,-1.3273325889988883149
-1.796875,-1.3228644819323829632
-1.7890625,-1.3183890772196649223
-1.78125,-1.3139063452287017819
-1.7734375,-1.3094162561299277977
-1.765625,-1.3049187798943954929
-1.7578125,-1.3004138862919048906
-1.75,-1.2959015448891100411
-1.7421875,-1.2913817250476025084
-1.734375,-1.2868543959219714674
-1.7265625,-1.2823195264578400643
-1.71875,-1.2777770853898776795
-1.7109375,-1.2732270412397877318
-1.703125,-1.2686693623142706524
-1.6953125,-1.2641040167029616511
-1.6875,-1.2595309722763428934
-1.6796875,-1.2549501966836296942
-1.671875,-1.2503616573506303335
-1.6640625,-1.2457653214775790872
-1.65625,-1.2411611560369420615
-1.6484375,-1.2365491277711954092
-1.640625,-1.2319292031905755032
-1.6328125,-1.2273013485708006284
-1.625,-1.2226655299507637498
-1.6171875,-1.2180217131301959059
-1.609375,-1.2133698636672997646
-1.6015625,-1.2087099468763528748
-1.59375,-1.2040419278252801359
-1.5859375,-1.1993657713331949969
-1.578125,-1.194681441967908892
-1.5703125,-1.1899889040434084048
-1.5625,-1.1852881216172996489
-1.5546875,-1.1805790584882193386
-1.546875,-1.175861678193212017
-1.5390625,-1.1711359440050728947
-1.53125,-1.166401818929655747
-1.5234375,-1.1616592657031453009
-1.515625,-1.1569082467892935374
-1.5078125,-1.1521487243766193205
-1.5,-1.1473806603755707541
-1.4921875,-1.1426040164156496556
-1.484375,-1.1378187538424975243
-1.4765625,-1.1330248337149423685
-1.46875,-1.1282222168020057456
-1.4609375,-1.1234108635798693539
-1.453125,-1.1185907342288005031
-1.4453125,-1.1137617886300357783
-1.4375,-1.1089239863626221952
-1.4296875,-1.1040772867002151353
-1.421875,-1.09922164860783233
-1.4140625,-1.0943570307385631533
-1.40625,-1.0894833914302324629
-1.3984375,-1.0846006887020182185
-1.390625,-1.0797088802510220873
-1.3828125,-1.0748079234487922323
-1.375,-1.0698977753377974622
-1.3671875,-1.0649783926278519051
-1.359375,-1.0600497316924893502
-1.3515625,-1.0551117485652863855
-1.34375,-1.0501643989361334393
-1.3359375,-1.045207638147452819
-1.328125,-1.0402414211903628152
-1.3203125,-1.0352657027007869269
-1.3125,-1.0302804369555072393
-1.3046875,-1.0252855778681609652
-1.296875,-1.0202810789851791447
-1.2890625,-1.0152668934816664698
-1.28125,-1.0102429741572211852
-1.2734375,-1.0052092734316939903
-1.265625,-1.0001657433408848451
-1.2578125,-0.99511233553217656008
-1.25,-0.99004900126010402648
-1.2421875,-0.98497569138185791607
-1.234375,-0.97989235635272165773
-1.2265625,-0.97479894622144046961
-1.21875,-0.9696954106255212003
-1.2109375,-0.96458169878646170475
-1.203125,-0.95945775950490845292
-1.1953125,-0.95432354115574104041
-1.1875,-0.94917899168308224083
-1.1796875,-0.9440240585952322098
-1.171875,-0.93885868895952541908
-1.1640625,-0.93368282939710886825
-1.15625,-0.92849642607764008814
-1.1484375,-0.92329942471390341726
-1.140625,-0.91809177055634299814
-1.1328125,-0.91287340838751090509
-1.125,-0.90764428251642877917
-1.1171875,-0.90240433677286130874
-1.109375,-0.89715351450149985628
-1.1015625,-0.89189175855605449279
-1.09375,-0.88661901129325266127
-1.0859375,-0.88133521456674264957
-1.078125,-0.87604030972090001041
-1.0703125,-0.87073423758453502333
-1.0625,-0.86541693846449924849
-1.0546875,-0.86008835213918917644
-1.046875,-0.85474841785194493121
-1.0390625,-0.84939707430434193531
-1.03125,-0.84403425964937339593
-1.0234375,-0.83865991148452142048
-1.015625,-0.83327396684471451706
-1.0078125,-0.82787636219516918161550859803759808349
-1.,-0.82246703342411321824
-0.9921875,-0.81704591583538838181938455053041181211
-0.984375,-0.81161294414092987401
-0.9765625,-0.80616805245312016292
-0.96875,-0.80071117427701453532
-0.9609375,-0.79524224250243572613
-0.953125,-0.78976118939593490474
-0.9453125,-0.78426794659261623008
-0.9375,-0.77876244508782211708
-0.9296875,-0.77324461522867628589
-0.921875,-0.76771438670548159166
-0.9140625,-0.7621716885429695572
-0.90625,-0.75661644909139845312
-0.8984375,-0.75104859601749668977
-0.890625,-0.74546805629524820306
-0.8828125,-0.73987475619651643138
-0.875,-0.73426862128150339325
-0.8671875,-0.72864957638904028545
-0.859375,-0.72301754562670592872
-0.8515625,-0.71737245236076929248
-0.84375,-0.71171421920595223165
-0.8359375,-0.70604276801500846732
-0.828125,-0.70035801986811473856
-0.8203125,-0.6946598950620699448
-0.8125,-0.68894831309929798744
-0.8046875,-0.68322319267664990477
-0.796875,-0.67748445167400077635
-0.7890625,-0.67173200714263675136
-0.78125,-0.66596577529342742998
-0.7734375,-0.66018567148477869728
-0.765625,-0.65439161021036097597
-0.7578125,-0.64858350508660772625
-0.75,-0.64276126883997887911
-0.7421875,-0.63692481329398374265
-0.734375,-0.63107404935595776986
-0.7265625,-0.62520888700358741961
-0.71875,-0.61932923527117718176
-0.7109375,-0.61343500223565267033
-0.703125,-0.60752609500229351693
-0.6953125,-0.60160241969018961883
-0.6875,-0.59566388141741411244
-0.6796875,-0.58971038428590625366
-0.671875,-0.58374183136605719008
-0.6640625,-0.57775812468099140818
-0.65625,-0.57175916519053642876
-0.6484375,-0.56574485277487310777
-0.640625,-0.55971508621785867604
-0.6328125,-0.5536697631900144198
-0.625,-0.54760878023116966492
-0.6171875,-0.54153203273275347994
-0.609375,-0.53543941491972525733
-0.6015625,-0.529330819832135067
-0.59375,-0.52320613930630440226
-0.5859375,-0.51706526395561765427
-0.578125,-0.51090808315091435751
-0.5703125,-0.50473448500047194416
-0.5625,-0.49854435632956843067
-0.5546875,-0.49233758265961413299
-0.546875,-0.48611404818684116917
-0.5390625,-0.47987363576053915756
-0.53125,-0.473616226860825156
-0.5234375,-0.46734170157593551088
-0.515625,-0.46104993857902689511
-0.5078125,-0.45474081510447340949
-0.5,-0.44841420692364620244
-0.4921875,-0.44206998832016162835
-0.484375,-0.43570803206458351286
-0.4765625,-0.42932820938856462579
-0.46875,-0.42293038995841197567
-0.4609375,-0.4165144418480600359
-0.453125,-0.41008023151143548833
-0.4453125,-0.40362762375419652636
-0.4375,-0.39715648170482919454
-0.4296875,-0.39066666678508265485
-0.421875,-0.38415803867972465997
-0.4140625,-0.3776304553055978801
-0.40625,-0.37108377277995707099
-0.3984375,-0.36451784538806638617
-0.390625,-0.35793252555003542374
-0.3828125,-0.35132766378687185742
-0.375,-0.34470310868572773088
-0.3671875,-0.33805870686431569195
-0.359375,-0.33139430293447060906
-0.3515625,-0.32470973946483114253
-0.34375,-0.31800485694261493922
-0.3359375,-0.31127949373446017569
-0.328125,-0.30453348604630519384
-0.3203125,-0.29776666788227694952
-0.3125,-0.2909788710025579285
-0.3046875,-0.28416992488020007233
-0.296875,-0.27733965665685309773
-0.2890625,-0.27048789109737338389
-0.28125,-0.26361445054327834112
-0.2734375,-0.25671915486500985764
-0.265625,-0.24980182141296904796
-0.2578125,-0.24286226496728309169
-0.25,-0.23590029768626345382
-0.2421875,-0.22891572905351321286
-0.234375,-0.22190836582363958821
-0.2265625,-0.21487801196652604969
-0.21875,-0.20782446861011660548
-0.2109375,-0.20074753398166299691
-0.203125,-0.19364700334738357465
-0.1953125,-0.18652266895048058605
-0.1875,-0.17937431994746046403
-0.1796875,-0.17220174234269946749
-0.171875,-0.16500471892119467751
-0.1640625,-0.157783029179437896
-0.15625,-0.15053644925434741868
-0.1484375,-0.14326475185018995518
-0.140625,-0.13596770616342213906
-0.1328125,-0.12864507780537810283
-0.125,-0.12129662872272647871
-0.1171875,-0.11392211711561691844
-0.109375,-0.10652129735343279391
-0.1015625,-0.099093919888063138212
-0.09375,-0.091639731164603100846
-0.0859375,-0.084158473529388213878
-0.078125,-0.076649885135263583899
-0.0703125,-0.069113699843984727566
-0.0625,-0.061549647125642142514
-0.0546875,-0.053957451954996837329
-0.046875,-0.046336834704608919312
-0.0390625,-0.038687511034635941547
-0.03125,-0.031009191779172024585
-0.0234375,-0.023301582828992775207
-0.015625,-0.015564385010564706211
-0.0078125,-0.0077972939611711966795
0,0
0.0078125,0.0078278120049701162918
0.015625,0.015686462774453853909
0.0234375,0.02357627875989352737
0.03125,0.031497592290230157885
0.0390625,0.039450741723608063241
0.046875,0.04743607160421928012
0.0546875,0.055453932824504516964
0.0625,0.063504682792938306196
0.0703125,0.071588685607637645598
0.078125,0.079706312236045734012
0.0859375,0.087857940700955464145
0.09375,0.096043956273151186302
0.1015625,0.10426475167096195693
0.109375,0.1125207272670350946
0.1171875,0.12081229130265544799
0.125,0.12913986010995340567
0.1328125,0.13750385834236342064
0.140625,0.14590471921371476641
0.1484375,0.15434288474635747283
0.15625,0.16281880602874900605
0.1640625,0.17133294348295136014
0.171875,0.17988576714251393218
0.1796875,0.18847775694124497856
0.1875,0.19710940301340373204
0.1953125,0.20578120600587654012
0.203125,0.2144936774029338233
0.2109375,0.22324733986420041729
0.21875,0.23204272757651014315
0.2265625,0.24088038662035644707
0.234375,0.24976087535169488831
0.2421875,0.25868476479990037411
0.25,0.26765263908273260692
0.2578125,0.2766650958392175156
0.265625,0.28572274668141080356
0.2734375,0.29482621766607251438
0.28125,0.30397614978734907109
0.2890625,0.31317319949163201005
0.296875,0.32241803921584106721
0.3046875,0.331711357950463893
0.3125,0.34105386182877603298
0.3203125,0.35044627474376353525
0.328125,0.35988933899437731458
0.3359375,0.36938381596286397585
0.34375,0.37893048682504300944
0.3515625,0.38853015329553604938
0.359375,0.39818363841010125637
0.3671875,0.40789178734738599786
0.375,0.41765546829258511408
0.3828125,0.42747557334568159785
0.390625,0.43735301947715305414
0.3984375,0.44728874953425260145
0.40625,0.45728373330121890055
0.4140625,0.46733896861703894734
0.421875,0.47745548255468161532
0.4296875,0.48763433266604244982
0.4375,0.49787660829719401611
0.4453125,0.5081834319789246942
0.453125,0.5185559608979761501
0.4609375,0.52899538845486026371
0.46875,0.53950294591465511257
0.4765625,0.55007990415775242652
0.484375,0.56072757553816224368
0.4921875,0.57144731585768171065
0.5,0.5822405264650125059
0.5078125,0.59310865648977484688
0.515625,0.60405320522232647272
0.5234375,0.6150757246513649892
0.53125,0.62617782217248600726
0.5390625,0.63736116348220427532
0.546875,0.64862747567343973372
0.5546875,0.65997855055014734483
0.5625,0.67141624818065444928
0.5703125,0.68294250071139220743
0.578125,0.69455931646510328027
0.5859375,0.7062687843503170047
0.59375,0.71807307861195360646
0.6015625,0.7299744639564064516
0.609375,0.74197530108842188827
0.6171875,0.75407805270162773627
0.625,0.76628528996974619199
0.6328125,0.77859969959147447981
0.640625,0.79102409144885776951
0.6484375,0.8035614069468701984
0.65625,0.81621472811104927877
0.6640625,0.82898728753062320034
0.671875,0.84188247924690393464
0.6796875,0.85490387070112512285
0.6875,0.86805521587278961539
0.6953125,0.88134046975945648227
0.703125,0.89476380437235643814
0.7109375,0.90832962645003952291
0.71875,0.92204259712537742609
0.7265625,0.93590765382085118548
0.734375,0.949930034694645955
0.7421875,0.96411530601753826217
0.75,0.97846939293030610374
0.7578125,0.99299861411650786015
0.765625,1.0077097210299536829
0.7734375,1.0226099424452279978
0.78125,1.0377070352600305042
0.7890625,1.0530093426789050311
0.796875,1.0685258611611635407
0.8046875,1.0842663178377211401
0.8125,1.1002412605142496209
0.8203125,1.1164621629119842695
0.828125,1.1329415484951203978
0.8359375,1.1496931371549172455
0.84375,1.1667320202511255257
0.8515625,1.184074871175738368
0.859375,1.2017402008863002604
0.8671875,1.2197486710326860732
0.875,1.2381234817964802347
0.8828125,1.2568908580403588868
0.890625,1.2760806668927616079
0.8984375,1.2957272142290380373
0.90625,1.3158702896419894253
0.9140625,1.3365565646756046973
0.921875,1.3578415069304490998
0.9296875,1.3797920715088448878
0.9375,1.4024906081992245627
0.9453125,1.4260407573513091978
0.953125,1.4505767838920419857
0.9609375,1.476279286831477341
0.96875,1.5034038709419981619
0.9765625,1.5323397507723680466
0.984375,1.5637520286882691835
0.9921875,1.5990509204370664643
1.,1.6449340668482264365
